DATETIME,DUID,PERIODID,LOCAL_PRICE_ADJUSTMENT,LOCALLY_CONSTRAINED
2025/08/13 10:30:00,ARWF1,42.0,-46.53,2.0
2025/08/13 11:00:00,ARWF1,43.0,-28.5,2.0
2025/08/13 11:30:00,ARWF1,44.0,-23.99,2.0
2025/08/13 12:00:00,ARWF1,45.0,-5.98,2.0
2025/08/12 14:00:00,BANGOWF1,1.0,-106.44,2.0
2025/08/12 14:30:00,BANGOWF1,2.0,-5.83,1.0
2025/08/12 15:00:00,BANGOWF1,3.0,-5.83,1.0
2025/08/12 15:30:00,BANGOWF1,4.0,-6.63,1.0
2025/08/12 14:00:00,BANGOWF2,1.0,-107.06,2.0
2025/08/12 14:30:00,BANGOWF2,2.0,-5.86,1.0
2025/08/12 15:00:00,BANGOWF2,3.0,-5.86,1.0
2025/08/12 15:30:00,BANGOWF2,4.0,-6.67,1.0
2025/08/13 10:30:00,BANN1,42.0,-378.29,2.0
2025/08/13 11:00:00,BANN1,43.0,-231.68,2.0
2025/08/13 11:30:00,BANN1,44.0,-195.02,2.0
2025/08/13 12:00:00,BANN1,45.0,-48.61,2.0
2025/08/12 15:30:00,BASTYAN,4.0,-20.71,1.0
2025/08/13 06:00:00,BASTYAN,33.0,-341.05,1.0
2025/08/14 04:00:00,BASTYAN,77.0,-0.02,1.0
2025/08/13 06:00:00,BBTHREE1,33.0,-78.88,1.0
2025/08/13 06:00:00,BBTHREE2,33.0,-78.88,1.0
2025/08/13 06:00:00,BBTHREE3,33.0,-78.88,1.0
2025/08/12 14:00:00,BERYLSF1,1.0,-112.3,2.0
2025/08/12 14:30:00,BERYLSF1,2.0,-6.09,1.0
2025/08/12 15:00:00,BERYLSF1,3.0,-6.09,1.0
2025/08/12 15:30:00,BERYLSF1,4.0,-6.93,1.0
2025/08/12 14:00:00,BHB1,1.0,28.89,2.0
2025/08/12 14:30:00,BHB1,2.0,19.63,2.0
2025/08/12 15:00:00,BHB1,3.0,2.65,2.0
2025/08/12 16:00:00,BHB1,5.0,77.96,2.0
2025/08/12 16:30:00,BHB1,6.0,84.36,2.0
2025/08/12 17:00:00,BHB1,7.0,110.72,2.0
2025/08/12 17:30:00,BHB1,8.0,32.1,2.0
2025/08/12 18:00:00,BHB1,9.0,107.94,2.0
2025/08/12 18:30:00,BHB1,10.0,4.04,2.0
2025/08/12 19:00:00,BHB1,11.0,114.44,2.0
2025/08/12 19:30:00,BHB1,12.0,1.33,2.0
2025/08/12 21:00:00,BHB1,15.0,18.07,2.0
2025/08/12 21:30:00,BHB1,16.0,94.76,2.0
2025/08/12 22:00:00,BHB1,17.0,53.0,2.0
2025/08/12 22:30:00,BHB1,18.0,47.22,2.0
2025/08/12 23:00:00,BHB1,19.0,53.07,2.0
2025/08/12 23:30:00,BHB1,20.0,49.66,2.0
2025/08/13 00:00:00,BHB1,21.0,10.2,2.0
2025/08/13 00:30:00,BHB1,22.0,93.13,2.0
2025/08/13 01:00:00,BHB1,23.0,112.76,2.0
2025/08/13 01:30:00,BHB1,24.0,85.87,2.0
2025/08/13 02:00:00,BHB1,25.0,63.56,2.0
2025/08/13 02:30:00,BHB1,26.0,85.76,2.0
2025/08/13 03:00:00,BHB1,27.0,67.93,2.0
2025/08/13 03:30:00,BHB1,28.0,96.06,2.0
2025/08/13 04:00:00,BHB1,29.0,87.37,2.0
2025/08/13 04:30:00,BHB1,30.0,203.53,2.0
2025/08/13 05:00:00,BHB1,31.0,172.4,2.0
2025/08/13 05:30:00,BHB1,32.0,220.55,2.0
2025/08/13 06:00:00,BHB1,33.0,245.17,2.0
2025/08/13 08:30:00,BHB1,38.0,57.46,2.0
2025/08/13 09:00:00,BHB1,39.0,253.38,2.0
2025/08/13 09:30:00,BHB1,40.0,343.01,2.0
2025/08/13 10:00:00,BHB1,41.0,185.84,2.0
2025/08/13 10:30:00,BHB1,42.0,-153.2,2.0
2025/08/13 11:00:00,BHB1,43.0,-169.36,2.0
2025/08/13 11:30:00,BHB1,44.0,-142.56,2.0
2025/08/13 12:00:00,BHB1,45.0,-35.54,2.0
2025/08/13 18:00:00,BHB1,57.0,326.12,2.0
2025/08/13 18:30:00,BHB1,58.0,270.2,2.0
2025/08/13 19:00:00,BHB1,59.0,1468.97,2.0
2025/08/13 19:30:00,BHB1,60.0,775.54,2.0
2025/08/13 20:00:00,BHB1,61.0,630.46,2.0
2025/08/13 20:30:00,BHB1,62.0,751.65,2.0
2025/08/13 21:00:00,BHB1,63.0,652.56,2.0
2025/08/13 21:30:00,BHB1,64.0,900.35,2.0
2025/08/13 22:00:00,BHB1,65.0,944.53,2.0
2025/08/13 22:30:00,BHB1,66.0,400.68,2.0
2025/08/13 23:00:00,BHB1,67.0,403.16,2.0
2025/08/13 23:30:00,BHB1,68.0,546.89,2.0
2025/08/14 00:00:00,BHB1,69.0,539.96,2.0
2025/08/14 00:30:00,BHB1,70.0,349.7,2.0
2025/08/14 01:00:00,BHB1,71.0,425.58,2.0
2025/08/14 01:30:00,BHB1,72.0,315.93,2.0
2025/08/14 02:00:00,BHB1,73.0,302.08,2.0
2025/08/14 02:30:00,BHB1,74.0,275.76,2.0
2025/08/14 03:00:00,BHB1,75.0,196.65,2.0
2025/08/14 03:30:00,BHB1,76.0,253.4,2.0
2025/08/14 04:00:00,BHB1,77.0,206.87,2.0
2025/08/12 14:00:00,BODWF1,1.0,-159.19,2.0
2025/08/12 14:30:00,BODWF1,2.0,-8.69,1.0
2025/08/12 15:00:00,BODWF1,3.0,-8.69,1.0
2025/08/12 15:30:00,BODWF1,4.0,-9.89,1.0
2025/08/12 14:00:00,BOMENSF1,1.0,-77.63,1.0
2025/08/12 14:30:00,BOMENSF1,2.0,-68.01,1.0
2025/08/12 15:00:00,BOMENSF1,3.0,-68.01,1.0
2025/08/12 15:30:00,BOMENSF1,4.0,-75.89,1.0
2025/08/12 14:00:00,BROKENH1,1.0,28.89,2.0
2025/08/12 14:30:00,BROKENH1,2.0,19.63,2.0
2025/08/12 15:00:00,BROKENH1,3.0,2.65,2.0
2025/08/12 16:00:00,BROKENH1,5.0,77.96,2.0
2025/08/12 16:30:00,BROKENH1,6.0,84.36,2.0
2025/08/12 17:00:00,BROKENH1,7.0,110.72,2.0
2025/08/12 17:30:00,BROKENH1,8.0,32.1,2.0
2025/08/12 18:00:00,BROKENH1,9.0,107.94,2.0
2025/08/12 18:30:00,BROKENH1,10.0,4.04,2.0
2025/08/12 19:00:00,BROKENH1,11.0,114.44,2.0
2025/08/12 19:30:00,BROKENH1,12.0,1.33,2.0
2025/08/12 21:00:00,BROKENH1,15.0,18.07,2.0
2025/08/12 21:30:00,BROKENH1,16.0,94.76,2.0
2025/08/12 22:00:00,BROKENH1,17.0,53.0,2.0
2025/08/12 22:30:00,BROKENH1,18.0,47.22,2.0
2025/08/12 23:00:00,BROKENH1,19.0,53.07,2.0
2025/08/12 23:30:00,BROKENH1,20.0,49.66,2.0
2025/08/13 00:00:00,BROKENH1,21.0,10.2,2.0
2025/08/13 00:30:00,BROKENH1,22.0,93.13,2.0
2025/08/13 01:00:00,BROKENH1,23.0,112.76,2.0
2025/08/13 01:30:00,BROKENH1,24.0,85.87,2.0
2025/08/13 02:00:00,BROKENH1,25.0,63.56,2.0
2025/08/13 02:30:00,BROKENH1,26.0,85.76,2.0
2025/08/13 03:00:00,BROKENH1,27.0,67.93,2.0
2025/08/13 03:30:00,BROKENH1,28.0,96.06,2.0
2025/08/13 04:00:00,BROKENH1,29.0,87.37,2.0
2025/08/13 04:30:00,BROKENH1,30.0,203.53,2.0
2025/08/13 05:00:00,BROKENH1,31.0,172.4,2.0
2025/08/13 05:30:00,BROKENH1,32.0,220.55,2.0
2025/08/13 06:00:00,BROKENH1,33.0,245.17,2.0
2025/08/13 08:30:00,BROKENH1,38.0,57.46,2.0
2025/08/13 09:00:00,BROKENH1,39.0,253.38,2.0
2025/08/13 09:30:00,BROKENH1,40.0,343.01,2.0
2025/08/13 10:00:00,BROKENH1,41.0,185.84,2.0
2025/08/13 10:30:00,BROKENH1,42.0,-153.2,2.0
2025/08/13 11:00:00,BROKENH1,43.0,-169.36,2.0
2025/08/13 11:30:00,BROKENH1,44.0,-142.56,2.0
2025/08/13 12:00:00,BROKENH1,45.0,-35.54,2.0
2025/08/13 18:00:00,BROKENH1,57.0,326.12,2.0
2025/08/13 18:30:00,BROKENH1,58.0,270.2,2.0
2025/08/13 19:00:00,BROKENH1,59.0,1468.97,2.0
2025/08/13 19:30:00,BROKENH1,60.0,775.54,2.0
2025/08/13 20:00:00,BROKENH1,61.0,630.46,2.0
2025/08/13 20:30:00,BROKENH1,62.0,751.65,2.0
2025/08/13 21:00:00,BROKENH1,63.0,652.56,2.0
2025/08/13 21:30:00,BROKENH1,64.0,900.35,2.0
2025/08/13 22:00:00,BROKENH1,65.0,944.53,2.0
2025/08/13 22:30:00,BROKENH1,66.0,400.68,2.0
2025/08/13 23:00:00,BROKENH1,67.0,403.16,2.0
2025/08/13 23:30:00,BROKENH1,68.0,546.89,2.0
2025/08/14 00:00:00,BROKENH1,69.0,539.96,2.0
2025/08/14 00:30:00,BROKENH1,70.0,349.7,2.0
2025/08/14 01:00:00,BROKENH1,71.0,425.58,2.0
2025/08/14 01:30:00,BROKENH1,72.0,315.93,2.0
2025/08/14 02:00:00,BROKENH1,73.0,302.08,2.0
2025/08/14 02:30:00,BROKENH1,74.0,275.76,2.0
2025/08/14 03:00:00,BROKENH1,75.0,196.65,2.0
2025/08/14 03:30:00,BROKENH1,76.0,253.4,2.0
2025/08/14 04:00:00,BROKENH1,77.0,206.87,2.0
2025/08/13 10:30:00,BULBES1,42.0,-64.31,2.0
2025/08/13 11:00:00,BULBES1,43.0,-39.39,2.0
2025/08/13 11:30:00,BULBES1,44.0,-33.15,2.0
2025/08/13 12:00:00,BULBES1,45.0,-8.26,2.0
2025/08/13 10:30:00,BULGANA1,42.0,-64.31,2.0
2025/08/13 11:00:00,BULGANA1,43.0,-39.39,2.0
2025/08/13 11:30:00,BULGANA1,44.0,-33.15,2.0
2025/08/13 12:00:00,BULGANA1,45.0,-8.26,2.0
2025/08/12 14:00:00,CAPBES1,1.0,4.77,2.0
2025/08/12 14:30:00,CAPBES1,2.0,3.24,2.0
2025/08/12 15:00:00,CAPBES1,3.0,0.44,2.0
2025/08/12 16:00:00,CAPBES1,5.0,12.87,2.0
2025/08/12 16:30:00,CAPBES1,6.0,13.92,2.0
2025/08/12 17:00:00,CAPBES1,7.0,18.27,2.0
2025/08/12 17:30:00,CAPBES1,8.0,5.3,2.0
2025/08/12 18:00:00,CAPBES1,9.0,17.81,2.0
2025/08/12 18:30:00,CAPBES1,10.0,0.67,2.0
2025/08/12 19:00:00,CAPBES1,11.0,18.89,2.0
2025/08/12 19:30:00,CAPBES1,12.0,0.22,2.0
2025/08/12 21:00:00,CAPBES1,15.0,2.98,2.0
2025/08/12 21:30:00,CAPBES1,16.0,15.64,2.0
2025/08/12 22:00:00,CAPBES1,17.0,8.75,2.0
2025/08/12 22:30:00,CAPBES1,18.0,7.79,2.0
2025/08/12 23:00:00,CAPBES1,19.0,8.76,2.0
2025/08/12 23:30:00,CAPBES1,20.0,8.2,2.0
2025/08/13 00:00:00,CAPBES1,21.0,1.68,2.0
2025/08/13 00:30:00,CAPBES1,22.0,15.37,2.0
2025/08/13 01:00:00,CAPBES1,23.0,491.11,2.0
2025/08/13 01:30:00,CAPBES1,24.0,14.17,2.0
2025/08/13 02:00:00,CAPBES1,25.0,191.11,2.0
2025/08/13 02:30:00,CAPBES1,26.0,192.48,2.0
2025/08/13 03:00:00,CAPBES1,27.0,493.98,2.0
2025/08/13 03:30:00,CAPBES1,28.0,494.26,2.0
2025/08/13 04:00:00,CAPBES1,29.0,494.21,2.0
2025/08/13 04:30:00,CAPBES1,30.0,33.59,2.0
2025/08/13 05:00:00,CAPBES1,31.0,28.45,2.0
2025/08/13 05:30:00,CAPBES1,32.0,36.4,2.0
2025/08/13 06:00:00,CAPBES1,33.0,40.46,2.0
2025/08/13 08:30:00,CAPBES1,38.0,9.48,2.0
2025/08/13 09:00:00,CAPBES1,39.0,41.82,2.0
2025/08/13 09:30:00,CAPBES1,40.0,56.61,2.0
2025/08/13 10:00:00,CAPBES1,41.0,30.67,2.0
2025/08/13 10:30:00,CAPBES1,42.0,20.35,2.0
2025/08/13 18:00:00,CAPBES1,57.0,53.82,2.0
2025/08/13 18:30:00,CAPBES1,58.0,44.59,2.0
2025/08/13 19:00:00,CAPBES1,59.0,242.43,2.0
2025/08/13 19:30:00,CAPBES1,60.0,127.99,2.0
2025/08/13 20:00:00,CAPBES1,61.0,104.05,2.0
2025/08/13 20:30:00,CAPBES1,62.0,124.05,2.0
2025/08/13 21:00:00,CAPBES1,63.0,107.69,2.0
2025/08/13 21:30:00,CAPBES1,64.0,148.59,2.0
2025/08/13 22:00:00,CAPBES1,65.0,155.88,2.0
2025/08/13 22:30:00,CAPBES1,66.0,66.13,2.0
2025/08/13 23:00:00,CAPBES1,67.0,66.54,2.0
2025/08/13 23:30:00,CAPBES1,68.0,90.26,2.0
2025/08/14 00:00:00,CAPBES1,69.0,89.11,2.0
2025/08/14 00:30:00,CAPBES1,70.0,57.71,2.0
2025/08/14 01:00:00,CAPBES1,71.0,70.24,2.0
2025/08/14 01:30:00,CAPBES1,72.0,52.14,2.0
2025/08/14 02:00:00,CAPBES1,73.0,49.85,2.0
2025/08/14 02:30:00,CAPBES1,74.0,45.51,2.0
2025/08/14 03:00:00,CAPBES1,75.0,32.45,2.0
2025/08/14 03:30:00,CAPBES1,76.0,41.82,2.0
2025/08/14 04:00:00,CAPBES1,77.0,34.14,2.0
2025/08/13 06:00:00,CETHANA,33.0,-341.05,1.0
2025/08/13 10:30:00,COHUNSF1,42.0,242.86,2.0
2025/08/13 11:00:00,COHUNSF1,43.0,148.74,2.0
2025/08/13 11:30:00,COHUNSF1,44.0,125.2,2.0
2025/08/13 12:00:00,COHUNSF1,45.0,31.21,2.0
2025/08/12 14:00:00,COLEASF1,1.0,15.35,2.0
2025/08/12 14:30:00,COLEASF1,2.0,10.43,2.0
2025/08/12 15:00:00,COLEASF1,3.0,1.41,2.0
2025/08/12 16:00:00,COLEASF1,5.0,41.43,2.0
2025/08/12 16:30:00,COLEASF1,6.0,44.84,2.0
2025/08/12 17:00:00,COLEASF1,7.0,58.84,2.0
2025/08/12 17:30:00,COLEASF1,8.0,17.06,2.0
2025/08/12 18:00:00,COLEASF1,9.0,57.37,2.0
2025/08/12 18:30:00,COLEASF1,10.0,2.15,2.0
2025/08/12 19:00:00,COLEASF1,11.0,60.82,2.0
2025/08/12 19:30:00,COLEASF1,12.0,0.71,2.0
2025/08/12 21:00:00,COLEASF1,15.0,9.6,2.0
2025/08/12 21:30:00,COLEASF1,16.0,50.36,2.0
2025/08/12 22:00:00,COLEASF1,17.0,28.17,2.0
2025/08/12 22:30:00,COLEASF1,18.0,25.1,2.0
2025/08/12 23:00:00,COLEASF1,19.0,28.21,2.0
2025/08/12 23:30:00,COLEASF1,20.0,26.39,2.0
2025/08/13 00:00:00,COLEASF1,21.0,5.42,2.0
2025/08/13 00:30:00,COLEASF1,22.0,49.49,2.0
2025/08/13 01:00:00,COLEASF1,23.0,59.93,2.0
2025/08/13 01:30:00,COLEASF1,24.0,45.64,2.0
2025/08/13 02:00:00,COLEASF1,25.0,33.78,2.0
2025/08/13 02:30:00,COLEASF1,26.0,45.58,2.0
2025/08/13 03:00:00,COLEASF1,27.0,36.1,2.0
2025/08/13 03:30:00,COLEASF1,28.0,51.05,2.0
2025/08/13 04:00:00,COLEASF1,29.0,46.44,2.0
2025/08/13 04:30:00,COLEASF1,30.0,108.17,2.0
2025/08/13 05:00:00,COLEASF1,31.0,91.62,2.0
2025/08/13 05:30:00,COLEASF1,32.0,117.22,2.0
2025/08/13 06:00:00,COLEASF1,33.0,130.3,2.0
2025/08/13 08:30:00,COLEASF1,38.0,30.54,2.0
2025/08/13 09:00:00,COLEASF1,39.0,134.66,2.0
2025/08/13 09:30:00,COLEASF1,40.0,182.3,2.0
2025/08/13 10:00:00,COLEASF1,41.0,98.77,2.0
2025/08/13 10:30:00,COLEASF1,42.0,29.8,2.0
2025/08/13 11:00:00,COLEASF1,43.0,-21.89,2.0
2025/08/13 11:30:00,COLEASF1,44.0,-18.43,2.0
2025/08/13 12:00:00,COLEASF1,45.0,-4.59,2.0
2025/08/13 18:00:00,COLEASF1,57.0,173.32,2.0
2025/08/13 18:30:00,COLEASF1,58.0,143.6,2.0
2025/08/13 19:00:00,COLEASF1,59.0,780.71,2.0
2025/08/13 19:30:00,COLEASF1,60.0,412.17,2.0
2025/08/13 20:00:00,COLEASF1,61.0,335.07,2.0
2025/08/13 20:30:00,COLEASF1,62.0,399.48,2.0
2025/08/13 21:00:00,COLEASF1,63.0,346.81,2.0
2025/08/13 21:30:00,COLEASF1,64.0,478.51,2.0
2025/08/13 22:00:00,COLEASF1,65.0,501.99,2.0
2025/08/13 22:30:00,COLEASF1,66.0,212.95,2.0
2025/08/13 23:00:00,COLEASF1,67.0,214.27,2.0
2025/08/13 23:30:00,COLEASF1,68.0,290.65,2.0
2025/08/14 00:00:00,COLEASF1,69.0,286.97,2.0
2025/08/14 00:30:00,COLEASF1,70.0,185.85,2.0
2025/08/14 01:00:00,COLEASF1,71.0,226.18,2.0
2025/08/14 01:30:00,COLEASF1,72.0,167.91,2.0
2025/08/14 02:00:00,COLEASF1,73.0,160.55,2.0
2025/08/14 02:30:00,COLEASF1,74.0,146.56,2.0
2025/08/14 03:00:00,COLEASF1,75.0,104.51,2.0
2025/08/14 03:30:00,COLEASF1,76.0,134.68,2.0
2025/08/14 04:00:00,COLEASF1,77.0,109.94,2.0
2025/08/12 14:00:00,CROOKWF2,1.0,4.77,2.0
2025/08/12 14:30:00,CROOKWF2,2.0,3.24,2.0
2025/08/12 15:00:00,CROOKWF2,3.0,0.44,2.0
2025/08/12 16:00:00,CROOKWF2,5.0,12.87,2.0
2025/08/12 16:30:00,CROOKWF2,6.0,13.92,2.0
2025/08/12 17:00:00,CROOKWF2,7.0,18.27,2.0
2025/08/12 17:30:00,CROOKWF2,8.0,5.3,2.0
2025/08/12 18:00:00,CROOKWF2,9.0,17.81,2.0
2025/08/12 18:30:00,CROOKWF2,10.0,0.67,2.0
2025/08/12 19:00:00,CROOKWF2,11.0,18.89,2.0
2025/08/12 19:30:00,CROOKWF2,12.0,0.22,2.0
2025/08/12 21:00:00,CROOKWF2,15.0,2.98,2.0
2025/08/12 21:30:00,CROOKWF2,16.0,15.64,2.0
2025/08/12 22:00:00,CROOKWF2,17.0,8.75,2.0
2025/08/12 22:30:00,CROOKWF2,18.0,7.79,2.0
2025/08/12 23:00:00,CROOKWF2,19.0,8.76,2.0
2025/08/12 23:30:00,CROOKWF2,20.0,8.2,2.0
2025/08/13 00:00:00,CROOKWF2,21.0,1.68,2.0
2025/08/13 00:30:00,CROOKWF2,22.0,15.37,2.0
2025/08/13 01:00:00,CROOKWF2,23.0,18.61,2.0
2025/08/13 01:30:00,CROOKWF2,24.0,14.17,2.0
2025/08/13 02:00:00,CROOKWF2,25.0,10.49,2.0
2025/08/13 02:30:00,CROOKWF2,26.0,14.15,2.0
2025/08/13 03:00:00,CROOKWF2,27.0,11.21,2.0
2025/08/13 03:30:00,CROOKWF2,28.0,15.85,2.0
2025/08/13 04:00:00,CROOKWF2,29.0,14.42,2.0
2025/08/13 04:30:00,CROOKWF2,30.0,33.59,2.0
2025/08/13 05:00:00,CROOKWF2,31.0,28.45,2.0
2025/08/13 05:30:00,CROOKWF2,32.0,36.4,2.0
2025/08/13 06:00:00,CROOKWF2,33.0,40.46,2.0
2025/08/13 08:30:00,CROOKWF2,38.0,9.48,2.0
2025/08/13 09:00:00,CROOKWF2,39.0,41.82,2.0
2025/08/13 09:30:00,CROOKWF2,40.0,56.61,2.0
2025/08/13 10:00:00,CROOKWF2,41.0,30.67,2.0
2025/08/13 10:30:00,CROOKWF2,42.0,20.35,2.0
2025/08/13 18:00:00,CROOKWF2,57.0,53.82,2.0
2025/08/13 18:30:00,CROOKWF2,58.0,44.59,2.0
2025/08/13 19:00:00,CROOKWF2,59.0,242.43,2.0
2025/08/13 19:30:00,CROOKWF2,60.0,127.99,2.0
2025/08/13 20:00:00,CROOKWF2,61.0,104.05,2.0
2025/08/13 20:30:00,CROOKWF2,62.0,124.05,2.0
2025/08/13 21:00:00,CROOKWF2,63.0,107.69,2.0
2025/08/13 21:30:00,CROOKWF2,64.0,148.59,2.0
2025/08/13 22:00:00,CROOKWF2,65.0,155.88,2.0
2025/08/13 22:30:00,CROOKWF2,66.0,66.13,2.0
2025/08/13 23:00:00,CROOKWF2,67.0,66.54,2.0
2025/08/13 23:30:00,CROOKWF2,68.0,90.26,2.0
2025/08/14 00:00:00,CROOKWF2,69.0,89.11,2.0
2025/08/14 00:30:00,CROOKWF2,70.0,57.71,2.0
2025/08/14 01:00:00,CROOKWF2,71.0,70.24,2.0
2025/08/14 01:30:00,CROOKWF2,72.0,52.14,2.0
2025/08/14 02:00:00,CROOKWF2,73.0,49.85,2.0
2025/08/14 02:30:00,CROOKWF2,74.0,45.51,2.0
2025/08/14 03:00:00,CROOKWF2,75.0,32.45,2.0
2025/08/14 03:30:00,CROOKWF2,76.0,41.82,2.0
2025/08/14 04:00:00,CROOKWF2,77.0,34.14,2.0
2025/08/13 10:30:00,CROWLWF1,42.0,-52.96,2.0
2025/08/13 11:00:00,CROWLWF1,43.0,-32.44,2.0
2025/08/13 11:30:00,CROWLWF1,44.0,-27.3,2.0
2025/08/13 12:00:00,CROWLWF1,45.0,-6.81,2.0
2025/08/12 14:00:00,DARLSF1,1.0,15.35,2.0
2025/08/12 14:30:00,DARLSF1,2.0,10.43,2.0
2025/08/12 15:00:00,DARLSF1,3.0,1.41,2.0
2025/08/12 16:00:00,DARLSF1,5.0,41.43,2.0
2025/08/12 16:30:00,DARLSF1,6.0,44.84,2.0
2025/08/12 17:00:00,DARLSF1,7.0,58.84,2.0
2025/08/12 17:30:00,DARLSF1,8.0,17.06,2.0
2025/08/12 18:00:00,DARLSF1,9.0,57.37,2.0
2025/08/12 18:30:00,DARLSF1,10.0,2.15,2.0
2025/08/12 19:00:00,DARLSF1,11.0,60.82,2.0
2025/08/12 19:30:00,DARLSF1,12.0,0.71,2.0
2025/08/12 21:00:00,DARLSF1,15.0,9.6,2.0
2025/08/12 21:30:00,DARLSF1,16.0,50.36,2.0
2025/08/12 22:00:00,DARLSF1,17.0,28.17,2.0
2025/08/12 22:30:00,DARLSF1,18.0,25.1,2.0
2025/08/12 23:00:00,DARLSF1,19.0,28.21,2.0
2025/08/12 23:30:00,DARLSF1,20.0,26.39,2.0
2025/08/13 00:00:00,DARLSF1,21.0,5.42,2.0
2025/08/13 00:30:00,DARLSF1,22.0,49.49,2.0
2025/08/13 01:00:00,DARLSF1,23.0,59.93,2.0
2025/08/13 01:30:00,DARLSF1,24.0,45.64,2.0
2025/08/13 02:00:00,DARLSF1,25.0,33.78,2.0
2025/08/13 02:30:00,DARLSF1,26.0,45.58,2.0
2025/08/13 03:00:00,DARLSF1,27.0,36.1,2.0
2025/08/13 03:30:00,DARLSF1,28.0,51.05,2.0
2025/08/13 04:00:00,DARLSF1,29.0,46.44,2.0
2025/08/13 04:30:00,DARLSF1,30.0,108.17,2.0
2025/08/13 05:00:00,DARLSF1,31.0,91.62,2.0
2025/08/13 05:30:00,DARLSF1,32.0,117.22,2.0
2025/08/13 06:00:00,DARLSF1,33.0,130.3,2.0
2025/08/13 08:30:00,DARLSF1,38.0,30.54,2.0
2025/08/13 09:00:00,DARLSF1,39.0,134.66,2.0
2025/08/13 09:30:00,DARLSF1,40.0,182.3,2.0
2025/08/13 10:00:00,DARLSF1,41.0,98.77,2.0
2025/08/13 10:30:00,DARLSF1,42.0,28.43,2.0
2025/08/13 11:00:00,DARLSF1,43.0,-22.73,2.0
2025/08/13 11:30:00,DARLSF1,44.0,-19.13,2.0
2025/08/13 12:00:00,DARLSF1,45.0,-4.77,2.0
2025/08/13 18:00:00,DARLSF1,57.0,173.32,2.0
2025/08/13 18:30:00,DARLSF1,58.0,143.6,2.0
2025/08/13 19:00:00,DARLSF1,59.0,780.71,2.0
2025/08/13 19:30:00,DARLSF1,60.0,412.17,2.0
2025/08/13 20:00:00,DARLSF1,61.0,335.07,2.0
2025/08/13 20:30:00,DARLSF1,62.0,399.48,2.0
2025/08/13 21:00:00,DARLSF1,63.0,346.81,2.0
2025/08/13 21:30:00,DARLSF1,64.0,478.51,2.0
2025/08/13 22:00:00,DARLSF1,65.0,501.99,2.0
2025/08/13 22:30:00,DARLSF1,66.0,212.95,2.0
2025/08/13 23:00:00,DARLSF1,67.0,214.27,2.0
2025/08/13 23:30:00,DARLSF1,68.0,290.65,2.0
2025/08/14 00:00:00,DARLSF1,69.0,286.97,2.0
2025/08/14 00:30:00,DARLSF1,70.0,185.85,2.0
2025/08/14 01:00:00,DARLSF1,71.0,226.18,2.0
2025/08/14 01:30:00,DARLSF1,72.0,167.91,2.0
2025/08/14 02:00:00,DARLSF1,73.0,160.55,2.0
2025/08/14 02:30:00,DARLSF1,74.0,146.56,2.0
2025/08/14 03:00:00,DARLSF1,75.0,104.51,2.0
2025/08/14 03:30:00,DARLSF1,76.0,134.68,2.0
2025/08/14 04:00:00,DARLSF1,77.0,109.94,2.0
2025/08/13 06:00:00,DEVILS_G,33.0,-341.05,1.0
2025/08/12 14:00:00,DPNTB1,1.0,15.35,2.0
2025/08/12 14:30:00,DPNTB1,2.0,10.43,2.0
2025/08/12 15:00:00,DPNTB1,3.0,1.41,2.0
2025/08/12 16:00:00,DPNTB1,5.0,41.43,2.0
2025/08/12 16:30:00,DPNTB1,6.0,44.84,2.0
2025/08/12 17:00:00,DPNTB1,7.0,58.84,2.0
2025/08/12 17:30:00,DPNTB1,8.0,17.06,2.0
2025/08/12 18:00:00,DPNTB1,9.0,57.37,2.0
2025/08/12 18:30:00,DPNTB1,10.0,2.15,2.0
2025/08/12 19:00:00,DPNTB1,11.0,60.82,2.0
2025/08/12 19:30:00,DPNTB1,12.0,0.71,2.0
2025/08/12 21:00:00,DPNTB1,15.0,9.6,2.0
2025/08/12 21:30:00,DPNTB1,16.0,50.36,2.0
2025/08/12 22:00:00,DPNTB1,17.0,28.17,2.0
2025/08/12 22:30:00,DPNTB1,18.0,25.1,2.0
2025/08/12 23:00:00,DPNTB1,19.0,28.21,2.0
2025/08/12 23:30:00,DPNTB1,20.0,26.39,2.0
2025/08/13 00:00:00,DPNTB1,21.0,5.42,2.0
2025/08/13 00:30:00,DPNTB1,22.0,49.49,2.0
2025/08/13 01:00:00,DPNTB1,23.0,59.93,2.0
2025/08/13 01:30:00,DPNTB1,24.0,45.64,2.0
2025/08/13 02:00:00,DPNTB1,25.0,33.78,2.0
2025/08/13 02:30:00,DPNTB1,26.0,45.58,2.0
2025/08/13 03:00:00,DPNTB1,27.0,36.1,2.0
2025/08/13 03:30:00,DPNTB1,28.0,51.05,2.0
2025/08/13 04:00:00,DPNTB1,29.0,46.44,2.0
2025/08/13 04:30:00,DPNTB1,30.0,108.17,2.0
2025/08/13 05:00:00,DPNTB1,31.0,91.62,2.0
2025/08/13 05:30:00,DPNTB1,32.0,117.22,2.0
2025/08/13 06:00:00,DPNTB1,33.0,130.3,2.0
2025/08/13 08:30:00,DPNTB1,38.0,30.54,2.0
2025/08/13 09:00:00,DPNTB1,39.0,134.66,2.0
2025/08/13 09:30:00,DPNTB1,40.0,182.3,2.0
2025/08/13 10:00:00,DPNTB1,41.0,98.77,2.0
2025/08/13 10:30:00,DPNTB1,42.0,28.43,2.0
2025/08/13 11:00:00,DPNTB1,43.0,-22.73,2.0
2025/08/13 11:30:00,DPNTB1,44.0,-19.13,2.0
2025/08/13 12:00:00,DPNTB1,45.0,-4.77,2.0
2025/08/13 18:00:00,DPNTB1,57.0,173.32,2.0
2025/08/13 18:30:00,DPNTB1,58.0,143.6,2.0
2025/08/13 19:00:00,DPNTB1,59.0,780.71,2.0
2025/08/13 19:30:00,DPNTB1,60.0,412.17,2.0
2025/08/13 20:00:00,DPNTB1,61.0,335.07,2.0
2025/08/13 20:30:00,DPNTB1,62.0,399.48,2.0
2025/08/13 21:00:00,DPNTB1,63.0,346.81,2.0
2025/08/13 21:30:00,DPNTB1,64.0,478.51,2.0
2025/08/13 22:00:00,DPNTB1,65.0,501.99,2.0
2025/08/13 22:30:00,DPNTB1,66.0,212.95,2.0
2025/08/13 23:00:00,DPNTB1,67.0,214.27,2.0
2025/08/13 23:30:00,DPNTB1,68.0,290.65,2.0
2025/08/14 00:00:00,DPNTB1,69.0,286.97,2.0
2025/08/14 00:30:00,DPNTB1,70.0,185.85,2.0
2025/08/14 01:00:00,DPNTB1,71.0,226.18,2.0
2025/08/14 01:30:00,DPNTB1,72.0,167.91,2.0
2025/08/14 02:00:00,DPNTB1,73.0,160.55,2.0
2025/08/14 02:30:00,DPNTB1,74.0,146.56,2.0
2025/08/14 03:00:00,DPNTB1,75.0,104.51,2.0
2025/08/14 03:30:00,DPNTB1,76.0,134.68,2.0
2025/08/14 04:00:00,DPNTB1,77.0,109.94,2.0
2025/08/12 14:00:00,FINLYSF1,1.0,15.35,2.0
2025/08/12 14:30:00,FINLYSF1,2.0,10.43,2.0
2025/08/12 15:00:00,FINLYSF1,3.0,1.41,2.0
2025/08/12 16:00:00,FINLYSF1,5.0,41.43,2.0
2025/08/12 16:30:00,FINLYSF1,6.0,44.84,2.0
2025/08/12 17:00:00,FINLYSF1,7.0,58.84,2.0
2025/08/12 17:30:00,FINLYSF1,8.0,17.06,2.0
2025/08/12 18:00:00,FINLYSF1,9.0,57.37,2.0
2025/08/12 18:30:00,FINLYSF1,10.0,2.15,2.0
2025/08/12 19:00:00,FINLYSF1,11.0,60.82,2.0
2025/08/12 19:30:00,FINLYSF1,12.0,0.71,2.0
2025/08/12 21:00:00,FINLYSF1,15.0,9.6,2.0
2025/08/12 21:30:00,FINLYSF1,16.0,50.36,2.0
2025/08/12 22:00:00,FINLYSF1,17.0,28.17,2.0
2025/08/12 22:30:00,FINLYSF1,18.0,25.1,2.0
2025/08/12 23:00:00,FINLYSF1,19.0,28.21,2.0
2025/08/12 23:30:00,FINLYSF1,20.0,26.39,2.0
2025/08/13 00:00:00,FINLYSF1,21.0,5.42,2.0
2025/08/13 00:30:00,FINLYSF1,22.0,49.49,2.0
2025/08/13 01:00:00,FINLYSF1,23.0,59.93,2.0
2025/08/13 01:30:00,FINLYSF1,24.0,45.64,2.0
2025/08/13 02:00:00,FINLYSF1,25.0,33.78,2.0
2025/08/13 02:30:00,FINLYSF1,26.0,45.58,2.0
2025/08/13 03:00:00,FINLYSF1,27.0,36.1,2.0
2025/08/13 03:30:00,FINLYSF1,28.0,51.05,2.0
2025/08/13 04:00:00,FINLYSF1,29.0,46.44,2.0
2025/08/13 04:30:00,FINLYSF1,30.0,108.17,2.0
2025/08/13 05:00:00,FINLYSF1,31.0,91.62,2.0
2025/08/13 05:30:00,FINLYSF1,32.0,117.22,2.0
2025/08/13 06:00:00,FINLYSF1,33.0,130.3,2.0
2025/08/13 08:30:00,FINLYSF1,38.0,30.54,2.0
2025/08/13 09:00:00,FINLYSF1,39.0,134.66,2.0
2025/08/13 09:30:00,FINLYSF1,40.0,182.3,2.0
2025/08/13 10:00:00,FINLYSF1,41.0,98.77,2.0
2025/08/13 10:30:00,FINLYSF1,42.0,65.54,2.0
2025/08/13 18:00:00,FINLYSF1,57.0,173.32,2.0
2025/08/13 18:30:00,FINLYSF1,58.0,143.6,2.0
2025/08/13 19:00:00,FINLYSF1,59.0,780.71,2.0
2025/08/13 19:30:00,FINLYSF1,60.0,412.17,2.0
2025/08/13 20:00:00,FINLYSF1,61.0,335.07,2.0
2025/08/13 20:30:00,FINLYSF1,62.0,399.48,2.0
2025/08/13 21:00:00,FINLYSF1,63.0,346.81,2.0
2025/08/13 21:30:00,FINLYSF1,64.0,478.51,2.0
2025/08/13 22:00:00,FINLYSF1,65.0,501.99,2.0
2025/08/13 22:30:00,FINLYSF1,66.0,212.95,2.0
2025/08/13 23:00:00,FINLYSF1,67.0,214.27,2.0
2025/08/13 23:30:00,FINLYSF1,68.0,290.65,2.0
2025/08/14 00:00:00,FINLYSF1,69.0,286.97,2.0
2025/08/14 00:30:00,FINLYSF1,70.0,185.85,2.0
2025/08/14 01:00:00,FINLYSF1,71.0,226.18,2.0
2025/08/14 01:30:00,FINLYSF1,72.0,167.91,2.0
2025/08/14 02:00:00,FINLYSF1,73.0,160.55,2.0
2025/08/14 02:30:00,FINLYSF1,74.0,146.56,2.0
2025/08/14 03:00:00,FINLYSF1,75.0,104.51,2.0
2025/08/14 03:30:00,FINLYSF1,76.0,134.68,2.0
2025/08/14 04:00:00,FINLYSF1,77.0,109.94,2.0
2025/08/13 06:00:00,FISHER,33.0,-341.05,1.0
2025/08/12 14:00:00,FLYCRKWF,1.0,528.8,2.0
2025/08/12 14:30:00,FLYCRKWF,2.0,29.13,1.0
2025/08/12 15:00:00,FLYCRKWF,3.0,29.13,1.0
2025/08/12 15:30:00,FLYCRKWF,4.0,33.15,1.0
2025/08/13 10:30:00,GANNB1,42.0,242.86,2.0
2025/08/13 11:00:00,GANNB1,43.0,148.74,2.0
2025/08/13 11:30:00,GANNB1,44.0,125.2,2.0
2025/08/13 12:00:00,GANNB1,45.0,31.21,2.0
2025/08/13 10:30:00,GANNSF1,42.0,242.86,2.0
2025/08/13 11:00:00,GANNSF1,43.0,148.74,2.0
2025/08/13 11:30:00,GANNSF1,44.0,125.2,2.0
2025/08/13 12:00:00,GANNSF1,45.0,31.21,2.0
2025/08/13 10:30:00,GIRGSF,42.0,28.56,2.0
2025/08/13 11:00:00,GIRGSF,43.0,17.49,2.0
2025/08/13 11:30:00,GIRGSF,44.0,14.72,2.0
2025/08/13 12:00:00,GIRGSF,45.0,3.67,2.0
2025/08/12 14:00:00,GNNDHSF1,1.0,-1035.88,1.0
2025/08/12 14:30:00,GNNDHSF1,2.0,-69.02,1.0
2025/08/12 14:00:00,GOONSF1,1.0,-564.17,2.0
2025/08/12 14:30:00,GOONSF1,2.0,-31.02,1.0
2025/08/12 15:00:00,GOONSF1,3.0,-31.02,1.0
2025/08/12 15:30:00,GOONSF1,4.0,-35.31,1.0
2025/08/12 15:30:00,GRANWF1,4.0,-7.24,1.0
2025/08/13 06:00:00,GRANWF1,33.0,-161.52,1.0
2025/08/14 04:00:00,GRANWF1,77.0,-0.01,1.0
2025/08/12 14:00:00,GULLRSF1,1.0,4.77,2.0
2025/08/12 14:30:00,GULLRSF1,2.0,3.24,2.0
2025/08/12 15:00:00,GULLRSF1,3.0,0.44,2.0
2025/08/12 16:00:00,GULLRSF1,5.0,12.87,2.0
2025/08/12 16:30:00,GULLRSF1,6.0,13.92,2.0
2025/08/12 17:00:00,GULLRSF1,7.0,18.27,2.0
2025/08/12 17:30:00,GULLRSF1,8.0,5.3,2.0
2025/08/12 18:00:00,GULLRSF1,9.0,17.81,2.0
2025/08/12 18:30:00,GULLRSF1,10.0,0.67,2.0
2025/08/12 19:00:00,GULLRSF1,11.0,18.89,2.0
2025/08/12 19:30:00,GULLRSF1,12.0,0.22,2.0
2025/08/12 21:00:00,GULLRSF1,15.0,2.98,2.0
2025/08/12 21:30:00,GULLRSF1,16.0,15.64,2.0
2025/08/12 22:00:00,GULLRSF1,17.0,8.75,2.0
2025/08/12 22:30:00,GULLRSF1,18.0,7.79,2.0
2025/08/12 23:00:00,GULLRSF1,19.0,8.76,2.0
2025/08/12 23:30:00,GULLRSF1,20.0,8.2,2.0
2025/08/13 00:00:00,GULLRSF1,21.0,1.68,2.0
2025/08/13 00:30:00,GULLRSF1,22.0,15.37,2.0
2025/08/13 01:00:00,GULLRSF1,23.0,18.61,2.0
2025/08/13 01:30:00,GULLRSF1,24.0,14.17,2.0
2025/08/13 02:00:00,GULLRSF1,25.0,10.49,2.0
2025/08/13 02:30:00,GULLRSF1,26.0,14.15,2.0
2025/08/13 03:00:00,GULLRSF1,27.0,11.21,2.0
2025/08/13 03:30:00,GULLRSF1,28.0,15.85,2.0
2025/08/13 04:00:00,GULLRSF1,29.0,14.42,2.0
2025/08/13 04:30:00,GULLRSF1,30.0,33.59,2.0
2025/08/13 05:00:00,GULLRSF1,31.0,28.45,2.0
2025/08/13 05:30:00,GULLRSF1,32.0,36.4,2.0
2025/08/13 06:00:00,GULLRSF1,33.0,40.46,2.0
2025/08/13 08:30:00,GULLRSF1,38.0,9.48,2.0
2025/08/13 09:00:00,GULLRSF1,39.0,41.82,2.0
2025/08/13 09:30:00,GULLRSF1,40.0,56.61,2.0
2025/08/13 10:00:00,GULLRSF1,41.0,30.67,2.0
2025/08/13 10:30:00,GULLRSF1,42.0,20.35,2.0
2025/08/13 18:00:00,GULLRSF1,57.0,53.82,2.0
2025/08/13 18:30:00,GULLRSF1,58.0,44.59,2.0
2025/08/13 19:00:00,GULLRSF1,59.0,242.43,2.0
2025/08/13 19:30:00,GULLRSF1,60.0,127.99,2.0
2025/08/13 20:00:00,GULLRSF1,61.0,104.05,2.0
2025/08/13 20:30:00,GULLRSF1,62.0,124.05,2.0
2025/08/13 21:00:00,GULLRSF1,63.0,107.69,2.0
2025/08/13 21:30:00,GULLRSF1,64.0,148.59,2.0
2025/08/13 22:00:00,GULLRSF1,65.0,155.88,2.0
2025/08/13 22:30:00,GULLRSF1,66.0,66.13,2.0
2025/08/13 23:00:00,GULLRSF1,67.0,66.54,2.0
2025/08/13 23:30:00,GULLRSF1,68.0,90.26,2.0
2025/08/14 00:00:00,GULLRSF1,69.0,89.11,2.0
2025/08/14 00:30:00,GULLRSF1,70.0,57.71,2.0
2025/08/14 01:00:00,GULLRSF1,71.0,70.24,2.0
2025/08/14 01:30:00,GULLRSF1,72.0,52.14,2.0
2025/08/14 02:00:00,GULLRSF1,73.0,49.85,2.0
2025/08/14 02:30:00,GULLRSF1,74.0,45.51,2.0
2025/08/14 03:00:00,GULLRSF1,75.0,32.45,2.0
2025/08/14 03:30:00,GULLRSF1,76.0,41.82,2.0
2025/08/14 04:00:00,GULLRSF1,77.0,34.14,2.0
2025/08/12 14:00:00,GULLRWF1,1.0,4.77,2.0
2025/08/12 14:30:00,GULLRWF1,2.0,3.24,2.0
2025/08/12 15:00:00,GULLRWF1,3.0,0.44,2.0
2025/08/12 16:00:00,GULLRWF1,5.0,12.87,2.0
2025/08/12 16:30:00,GULLRWF1,6.0,13.92,2.0
2025/08/12 17:00:00,GULLRWF1,7.0,18.27,2.0
2025/08/12 17:30:00,GULLRWF1,8.0,5.3,2.0
2025/08/12 18:00:00,GULLRWF1,9.0,17.81,2.0
2025/08/12 18:30:00,GULLRWF1,10.0,0.67,2.0
2025/08/12 19:00:00,GULLRWF1,11.0,18.89,2.0
2025/08/12 19:30:00,GULLRWF1,12.0,0.22,2.0
2025/08/12 21:00:00,GULLRWF1,15.0,2.98,2.0
2025/08/12 21:30:00,GULLRWF1,16.0,15.64,2.0
2025/08/12 22:00:00,GULLRWF1,17.0,8.75,2.0
2025/08/12 22:30:00,GULLRWF1,18.0,7.79,2.0
2025/08/12 23:00:00,GULLRWF1,19.0,8.76,2.0
2025/08/12 23:30:00,GULLRWF1,20.0,8.2,2.0
2025/08/13 00:00:00,GULLRWF1,21.0,1.68,2.0
2025/08/13 00:30:00,GULLRWF1,22.0,15.37,2.0
2025/08/13 01:00:00,GULLRWF1,23.0,18.61,2.0
2025/08/13 01:30:00,GULLRWF1,24.0,14.17,2.0
2025/08/13 02:00:00,GULLRWF1,25.0,10.49,2.0
2025/08/13 02:30:00,GULLRWF1,26.0,14.15,2.0
2025/08/13 03:00:00,GULLRWF1,27.0,11.21,2.0
2025/08/13 03:30:00,GULLRWF1,28.0,15.85,2.0
2025/08/13 04:00:00,GULLRWF1,29.0,14.42,2.0
2025/08/13 04:30:00,GULLRWF1,30.0,33.59,2.0
2025/08/13 05:00:00,GULLRWF1,31.0,28.45,2.0
2025/08/13 05:30:00,GULLRWF1,32.0,36.4,2.0
2025/08/13 06:00:00,GULLRWF1,33.0,40.46,2.0
2025/08/13 08:30:00,GULLRWF1,38.0,9.48,2.0
2025/08/13 09:00:00,GULLRWF1,39.0,41.82,2.0
2025/08/13 09:30:00,GULLRWF1,40.0,56.61,2.0
2025/08/13 10:00:00,GULLRWF1,41.0,30.67,2.0
2025/08/13 10:30:00,GULLRWF1,42.0,20.35,2.0
2025/08/13 18:00:00,GULLRWF1,57.0,53.82,2.0
2025/08/13 18:30:00,GULLRWF1,58.0,44.59,2.0
2025/08/13 19:00:00,GULLRWF1,59.0,242.43,2.0
2025/08/13 19:30:00,GULLRWF1,60.0,127.99,2.0
2025/08/13 20:00:00,GULLRWF1,61.0,104.05,2.0
2025/08/13 20:30:00,GULLRWF1,62.0,124.05,2.0
2025/08/13 21:00:00,GULLRWF1,63.0,107.69,2.0
2025/08/13 21:30:00,GULLRWF1,64.0,148.59,2.0
2025/08/13 22:00:00,GULLRWF1,65.0,155.88,2.0
2025/08/13 22:30:00,GULLRWF1,66.0,66.13,2.0
2025/08/13 23:00:00,GULLRWF1,67.0,66.54,2.0
2025/08/13 23:30:00,GULLRWF1,68.0,90.26,2.0
2025/08/14 00:00:00,GULLRWF1,69.0,89.11,2.0
2025/08/14 00:30:00,GULLRWF1,70.0,57.71,2.0
2025/08/14 01:00:00,GULLRWF1,71.0,70.24,2.0
2025/08/14 01:30:00,GULLRWF1,72.0,52.14,2.0
2025/08/14 02:00:00,GULLRWF1,73.0,49.85,2.0
2025/08/14 02:30:00,GULLRWF1,74.0,45.51,2.0
2025/08/14 03:00:00,GULLRWF1,75.0,32.45,2.0
2025/08/14 03:30:00,GULLRWF1,76.0,41.82,2.0
2025/08/14 04:00:00,GULLRWF1,77.0,34.14,2.0
2025/08/12 14:00:00,GUNNING1,1.0,4.77,2.0
2025/08/12 14:30:00,GUNNING1,2.0,3.24,2.0
2025/08/12 15:00:00,GUNNING1,3.0,0.44,2.0
2025/08/12 16:00:00,GUNNING1,5.0,12.87,2.0
2025/08/12 16:30:00,GUNNING1,6.0,13.92,2.0
2025/08/12 17:00:00,GUNNING1,7.0,18.27,2.0
2025/08/12 17:30:00,GUNNING1,8.0,5.3,2.0
2025/08/12 18:00:00,GUNNING1,9.0,17.81,2.0
2025/08/12 18:30:00,GUNNING1,10.0,0.67,2.0
2025/08/12 19:00:00,GUNNING1,11.0,18.89,2.0
2025/08/12 19:30:00,GUNNING1,12.0,0.22,2.0
2025/08/12 21:00:00,GUNNING1,15.0,2.98,2.0
2025/08/12 21:30:00,GUNNING1,16.0,15.64,2.0
2025/08/12 22:00:00,GUNNING1,17.0,8.75,2.0
2025/08/12 22:30:00,GUNNING1,18.0,7.79,2.0
2025/08/12 23:00:00,GUNNING1,19.0,8.76,2.0
2025/08/12 23:30:00,GUNNING1,20.0,8.2,2.0
2025/08/13 00:00:00,GUNNING1,21.0,1.68,2.0
2025/08/13 00:30:00,GUNNING1,22.0,15.37,2.0
2025/08/13 01:00:00,GUNNING1,23.0,18.61,2.0
2025/08/13 01:30:00,GUNNING1,24.0,14.17,2.0
2025/08/13 02:00:00,GUNNING1,25.0,10.49,2.0
2025/08/13 02:30:00,GUNNING1,26.0,14.15,2.0
2025/08/13 03:00:00,GUNNING1,27.0,11.21,2.0
2025/08/13 03:30:00,GUNNING1,28.0,15.85,2.0
2025/08/13 04:00:00,GUNNING1,29.0,14.42,2.0
2025/08/13 04:30:00,GUNNING1,30.0,33.59,2.0
2025/08/13 05:00:00,GUNNING1,31.0,28.45,2.0
2025/08/13 05:30:00,GUNNING1,32.0,36.4,2.0
2025/08/13 06:00:00,GUNNING1,33.0,40.46,2.0
2025/08/13 08:30:00,GUNNING1,38.0,9.48,2.0
2025/08/13 09:00:00,GUNNING1,39.0,41.82,2.0
2025/08/13 09:30:00,GUNNING1,40.0,56.61,2.0
2025/08/13 10:00:00,GUNNING1,41.0,30.67,2.0
2025/08/13 10:30:00,GUNNING1,42.0,20.35,2.0
2025/08/13 18:00:00,GUNNING1,57.0,53.82,2.0
2025/08/13 18:30:00,GUNNING1,58.0,44.59,2.0
2025/08/13 19:00:00,GUNNING1,59.0,242.43,2.0
2025/08/13 19:30:00,GUNNING1,60.0,127.99,2.0
2025/08/13 20:00:00,GUNNING1,61.0,104.05,2.0
2025/08/13 20:30:00,GUNNING1,62.0,124.05,2.0
2025/08/13 21:00:00,GUNNING1,63.0,107.69,2.0
2025/08/13 21:30:00,GUNNING1,64.0,148.59,2.0
2025/08/13 22:00:00,GUNNING1,65.0,155.88,2.0
2025/08/13 22:30:00,GUNNING1,66.0,66.13,2.0
2025/08/13 23:00:00,GUNNING1,67.0,66.54,2.0
2025/08/13 23:30:00,GUNNING1,68.0,90.26,2.0
2025/08/14 00:00:00,GUNNING1,69.0,89.11,2.0
2025/08/14 00:30:00,GUNNING1,70.0,57.71,2.0
2025/08/14 01:00:00,GUNNING1,71.0,70.24,2.0
2025/08/14 01:30:00,GUNNING1,72.0,52.14,2.0
2025/08/14 02:00:00,GUNNING1,73.0,49.85,2.0
2025/08/14 02:30:00,GUNNING1,74.0,45.51,2.0
2025/08/14 03:00:00,GUNNING1,75.0,32.45,2.0
2025/08/14 03:30:00,GUNNING1,76.0,41.82,2.0
2025/08/14 04:00:00,GUNNING1,77.0,34.14,2.0
2025/08/13 10:30:00,HILLSTN1,42.0,-37.11,2.0
2025/08/13 11:00:00,HILLSTN1,43.0,-22.73,2.0
2025/08/13 11:30:00,HILLSTN1,44.0,-19.13,2.0
2025/08/13 12:00:00,HILLSTN1,45.0,-4.77,2.0
2025/08/12 15:30:00,JBUTTERS,4.0,-20.71,1.0
2025/08/13 06:00:00,JBUTTERS,33.0,-341.05,1.0
2025/08/14 04:00:00,JBUTTERS,77.0,-0.02,1.0
2025/08/12 14:00:00,JEMALNG1,1.0,-477.58,2.0
2025/08/12 14:30:00,JEMALNG1,2.0,-26.25,1.0
2025/08/12 15:00:00,JEMALNG1,3.0,-26.25,1.0
2025/08/12 15:30:00,JEMALNG1,4.0,-29.88,1.0
2025/08/12 14:00:00,JUNEESF1,1.0,-77.63,1.0
2025/08/12 14:30:00,JUNEESF1,2.0,-68.01,1.0
2025/08/12 15:00:00,JUNEESF1,3.0,-68.01,1.0
2025/08/12 15:30:00,JUNEESF1,4.0,-75.89,1.0
2025/08/13 10:30:00,KARSF1,42.0,-304.52,2.0
2025/08/13 11:00:00,KARSF1,43.0,-186.5,2.0
2025/08/13 11:30:00,KARSF1,44.0,-156.99,2.0
2025/08/13 12:00:00,KARSF1,45.0,-39.13,2.0
2025/08/13 10:30:00,KERNGSP1,42.0,242.86,2.0
2025/08/13 11:00:00,KERNGSP1,43.0,148.74,2.0
2025/08/13 11:30:00,KERNGSP1,44.0,125.2,2.0
2025/08/13 12:00:00,KERNGSP1,45.0,31.21,2.0
2025/08/13 10:30:00,KIAMSF1,42.0,-195.95,2.0
2025/08/13 11:00:00,KIAMSF1,43.0,-120.01,2.0
2025/08/13 11:30:00,KIAMSF1,44.0,-101.02,2.0
2025/08/13 12:00:00,KIAMSF1,45.0,-25.18,2.0
2025/08/13 10:30:00,KIATAWF1,42.0,-105.92,2.0
2025/08/13 11:00:00,KIATAWF1,43.0,-64.87,2.0
2025/08/13 11:30:00,KIATAWF1,44.0,-54.61,2.0
2025/08/13 12:00:00,KIATAWF1,45.0,-13.61,2.0
2025/08/13 06:00:00,LEM_WIL,33.0,-341.05,1.0
2025/08/12 14:00:00,LIMOSF11,1.0,15.35,2.0
2025/08/12 14:30:00,LIMOSF11,2.0,10.43,2.0
2025/08/12 15:00:00,LIMOSF11,3.0,1.41,2.0
2025/08/12 16:00:00,LIMOSF11,5.0,41.43,2.0
2025/08/12 16:30:00,LIMOSF11,6.0,44.84,2.0
2025/08/12 17:00:00,LIMOSF11,7.0,58.84,2.0
2025/08/12 17:30:00,LIMOSF11,8.0,17.06,2.0
2025/08/12 18:00:00,LIMOSF11,9.0,57.37,2.0
2025/08/12 18:30:00,LIMOSF11,10.0,2.15,2.0
2025/08/12 19:00:00,LIMOSF11,11.0,60.82,2.0
2025/08/12 19:30:00,LIMOSF11,12.0,0.71,2.0
2025/08/12 21:00:00,LIMOSF11,15.0,9.6,2.0
2025/08/12 21:30:00,LIMOSF11,16.0,50.36,2.0
2025/08/12 22:00:00,LIMOSF11,17.0,28.17,2.0
2025/08/12 22:30:00,LIMOSF11,18.0,25.1,2.0
2025/08/12 23:00:00,LIMOSF11,19.0,28.21,2.0
2025/08/12 23:30:00,LIMOSF11,20.0,26.39,2.0
2025/08/13 00:00:00,LIMOSF11,21.0,5.42,2.0
2025/08/13 00:30:00,LIMOSF11,22.0,49.49,2.0
2025/08/13 01:00:00,LIMOSF11,23.0,59.93,2.0
2025/08/13 01:30:00,LIMOSF11,24.0,45.64,2.0
2025/08/13 02:00:00,LIMOSF11,25.0,33.78,2.0
2025/08/13 02:30:00,LIMOSF11,26.0,45.58,2.0
2025/08/13 03:00:00,LIMOSF11,27.0,36.1,2.0
2025/08/13 03:30:00,LIMOSF11,28.0,51.05,2.0
2025/08/13 04:00:00,LIMOSF11,29.0,46.44,2.0
2025/08/13 04:30:00,LIMOSF11,30.0,108.17,2.0
2025/08/13 05:00:00,LIMOSF11,31.0,91.62,2.0
2025/08/13 05:30:00,LIMOSF11,32.0,117.22,2.0
2025/08/13 06:00:00,LIMOSF11,33.0,130.3,2.0
2025/08/13 08:30:00,LIMOSF11,38.0,30.54,2.0
2025/08/13 09:00:00,LIMOSF11,39.0,134.66,2.0
2025/08/13 09:30:00,LIMOSF11,40.0,182.3,2.0
2025/08/13 10:00:00,LIMOSF11,41.0,98.77,2.0
2025/08/13 10:30:00,LIMOSF11,42.0,-131.16,2.0
2025/08/13 11:00:00,LIMOSF11,43.0,-120.47,2.0
2025/08/13 11:30:00,LIMOSF11,44.0,-101.41,2.0
2025/08/13 12:00:00,LIMOSF11,45.0,-25.28,2.0
2025/08/13 18:00:00,LIMOSF11,57.0,173.32,2.0
2025/08/13 18:30:00,LIMOSF11,58.0,143.6,2.0
2025/08/13 19:00:00,LIMOSF11,59.0,780.71,2.0
2025/08/13 19:30:00,LIMOSF11,60.0,412.17,2.0
2025/08/13 20:00:00,LIMOSF11,61.0,335.07,2.0
2025/08/13 20:30:00,LIMOSF11,62.0,399.48,2.0
2025/08/13 21:00:00,LIMOSF11,63.0,346.81,2.0
2025/08/13 21:30:00,LIMOSF11,64.0,478.51,2.0
2025/08/13 22:00:00,LIMOSF11,65.0,501.99,2.0
2025/08/13 22:30:00,LIMOSF11,66.0,212.95,2.0
2025/08/13 23:00:00,LIMOSF11,67.0,214.27,2.0
2025/08/13 23:30:00,LIMOSF11,68.0,290.65,2.0
2025/08/14 00:00:00,LIMOSF11,69.0,286.97,2.0
2025/08/14 00:30:00,LIMOSF11,70.0,185.85,2.0
2025/08/14 01:00:00,LIMOSF11,71.0,226.18,2.0
2025/08/14 01:30:00,LIMOSF11,72.0,167.91,2.0
2025/08/14 02:00:00,LIMOSF11,73.0,160.55,2.0
2025/08/14 02:30:00,LIMOSF11,74.0,146.56,2.0
2025/08/14 03:00:00,LIMOSF11,75.0,104.51,2.0
2025/08/14 03:30:00,LIMOSF11,76.0,134.68,2.0
2025/08/14 04:00:00,LIMOSF11,77.0,109.94,2.0
2025/08/12 14:00:00,LIMOSF21,1.0,15.35,2.0
2025/08/12 14:30:00,LIMOSF21,2.0,10.43,2.0
2025/08/12 15:00:00,LIMOSF21,3.0,1.41,2.0
2025/08/12 16:00:00,LIMOSF21,5.0,41.43,2.0
2025/08/12 16:30:00,LIMOSF21,6.0,44.84,2.0
2025/08/12 17:00:00,LIMOSF21,7.0,58.84,2.0
2025/08/12 17:30:00,LIMOSF21,8.0,17.06,2.0
2025/08/12 18:00:00,LIMOSF21,9.0,57.37,2.0
2025/08/12 18:30:00,LIMOSF21,10.0,2.15,2.0
2025/08/12 19:00:00,LIMOSF21,11.0,60.82,2.0
2025/08/12 19:30:00,LIMOSF21,12.0,0.71,2.0
2025/08/12 21:00:00,LIMOSF21,15.0,9.6,2.0
2025/08/12 21:30:00,LIMOSF21,16.0,50.36,2.0
2025/08/12 22:00:00,LIMOSF21,17.0,28.17,2.0
2025/08/12 22:30:00,LIMOSF21,18.0,25.1,2.0
2025/08/12 23:00:00,LIMOSF21,19.0,28.21,2.0
2025/08/12 23:30:00,LIMOSF21,20.0,26.39,2.0
2025/08/13 00:00:00,LIMOSF21,21.0,5.42,2.0
2025/08/13 00:30:00,LIMOSF21,22.0,49.49,2.0
2025/08/13 01:00:00,LIMOSF21,23.0,59.93,2.0
2025/08/13 01:30:00,LIMOSF21,24.0,45.64,2.0
2025/08/13 02:00:00,LIMOSF21,25.0,33.78,2.0
2025/08/13 02:30:00,LIMOSF21,26.0,45.58,2.0
2025/08/13 03:00:00,LIMOSF21,27.0,36.1,2.0
2025/08/13 03:30:00,LIMOSF21,28.0,51.05,2.0
2025/08/13 04:00:00,LIMOSF21,29.0,46.44,2.0
2025/08/13 04:30:00,LIMOSF21,30.0,108.17,2.0
2025/08/13 05:00:00,LIMOSF21,31.0,91.62,2.0
2025/08/13 05:30:00,LIMOSF21,32.0,117.22,2.0
2025/08/13 06:00:00,LIMOSF21,33.0,130.3,2.0
2025/08/13 08:30:00,LIMOSF21,38.0,30.54,2.0
2025/08/13 09:00:00,LIMOSF21,39.0,134.66,2.0
2025/08/13 09:30:00,LIMOSF21,40.0,182.3,2.0
2025/08/13 10:00:00,LIMOSF21,41.0,98.77,2.0
2025/08/13 10:30:00,LIMOSF21,42.0,-131.16,2.0
2025/08/13 11:00:00,LIMOSF21,43.0,-120.47,2.0
2025/08/13 11:30:00,LIMOSF21,44.0,-101.41,2.0
2025/08/13 12:00:00,LIMOSF21,45.0,-25.28,2.0
2025/08/13 18:00:00,LIMOSF21,57.0,173.32,2.0
2025/08/13 18:30:00,LIMOSF21,58.0,143.6,2.0
2025/08/13 19:00:00,LIMOSF21,59.0,780.71,2.0
2025/08/13 19:30:00,LIMOSF21,60.0,412.17,2.0
2025/08/13 20:00:00,LIMOSF21,61.0,335.07,2.0
2025/08/13 20:30:00,LIMOSF21,62.0,399.48,2.0
2025/08/13 21:00:00,LIMOSF21,63.0,346.81,2.0
2025/08/13 21:30:00,LIMOSF21,64.0,478.51,2.0
2025/08/13 22:00:00,LIMOSF21,65.0,501.99,2.0
2025/08/13 22:30:00,LIMOSF21,66.0,212.95,2.0
2025/08/13 23:00:00,LIMOSF21,67.0,214.27,2.0
2025/08/13 23:30:00,LIMOSF21,68.0,290.65,2.0
2025/08/14 00:00:00,LIMOSF21,69.0,286.97,2.0
2025/08/14 00:30:00,LIMOSF21,70.0,185.85,2.0
2025/08/14 01:00:00,LIMOSF21,71.0,226.18,2.0
2025/08/14 01:30:00,LIMOSF21,72.0,167.91,2.0
2025/08/14 02:00:00,LIMOSF21,73.0,160.55,2.0
2025/08/14 02:30:00,LIMOSF21,74.0,146.56,2.0
2025/08/14 03:00:00,LIMOSF21,75.0,104.51,2.0
2025/08/14 03:30:00,LIMOSF21,76.0,134.68,2.0
2025/08/14 04:00:00,LIMOSF21,77.0,109.94,2.0
2025/08/12 15:30:00,MACKNTSH,4.0,-20.71,1.0
2025/08/13 06:00:00,MACKNTSH,33.0,-341.05,1.0
2025/08/14 04:00:00,MACKNTSH,77.0,-0.02,1.0
2025/08/12 14:00:00,MANSLR1,1.0,-1035.88,2.0
2025/08/12 14:30:00,MANSLR1,2.0,-57.01,1.0
2025/08/12 15:00:00,MANSLR1,3.0,-57.01,1.0
2025/08/12 15:30:00,MANSLR1,4.0,-64.89,1.0
2025/08/12 14:00:00,MCKAY1,1.0,-9.9,2.0
2025/08/12 14:30:00,MCKAY1,2.0,-6.73,2.0
2025/08/12 15:00:00,MCKAY1,3.0,-0.91,2.0
2025/08/12 16:00:00,MCKAY1,5.0,-26.71,2.0
2025/08/12 16:30:00,MCKAY1,6.0,-28.91,2.0
2025/08/12 17:00:00,MCKAY1,7.0,-37.94,2.0
2025/08/12 17:30:00,MCKAY1,8.0,-11.0,2.0
2025/08/12 18:00:00,MCKAY1,9.0,-36.99,2.0
2025/08/12 18:30:00,MCKAY1,10.0,-1.39,2.0
2025/08/12 19:00:00,MCKAY1,11.0,-39.21,2.0
2025/08/12 19:30:00,MCKAY1,12.0,-0.46,2.0
2025/08/12 21:00:00,MCKAY1,15.0,-6.19,2.0
2025/08/12 21:30:00,MCKAY1,16.0,-32.47,2.0
2025/08/12 22:00:00,MCKAY1,17.0,-18.16,2.0
2025/08/12 22:30:00,MCKAY1,18.0,-16.18,2.0
2025/08/12 23:00:00,MCKAY1,19.0,-18.18,2.0
2025/08/12 23:30:00,MCKAY1,20.0,-17.02,2.0
2025/08/13 00:00:00,MCKAY1,21.0,-3.5,2.0
2025/08/13 00:30:00,MCKAY1,22.0,-31.91,2.0
2025/08/13 01:00:00,MCKAY1,23.0,-38.64,2.0
2025/08/13 01:30:00,MCKAY1,24.0,-29.43,2.0
2025/08/13 02:00:00,MCKAY1,25.0,-21.78,2.0
2025/08/13 02:30:00,MCKAY1,26.0,-29.39,2.0
2025/08/13 03:00:00,MCKAY1,27.0,-23.28,2.0
2025/08/13 03:30:00,MCKAY1,28.0,-32.92,2.0
2025/08/13 04:00:00,MCKAY1,29.0,-29.94,2.0
2025/08/13 04:30:00,MCKAY1,30.0,-69.74,2.0
2025/08/13 05:00:00,MCKAY1,31.0,-59.07,2.0
2025/08/13 05:30:00,MCKAY1,32.0,-75.57,2.0
2025/08/13 06:00:00,MCKAY1,33.0,-84.01,2.0
2025/08/13 08:30:00,MCKAY1,38.0,-19.69,2.0
2025/08/13 09:00:00,MCKAY1,39.0,-86.82,2.0
2025/08/13 09:30:00,MCKAY1,40.0,-117.53,2.0
2025/08/13 10:00:00,MCKAY1,41.0,-63.68,2.0
2025/08/13 10:30:00,MCKAY1,42.0,-42.26,2.0
2025/08/13 18:00:00,MCKAY1,57.0,-111.75,2.0
2025/08/13 18:30:00,MCKAY1,58.0,-92.59,2.0
2025/08/13 19:00:00,MCKAY1,59.0,-503.35,2.0
2025/08/13 19:30:00,MCKAY1,60.0,-265.74,2.0
2025/08/13 20:00:00,MCKAY1,61.0,-216.03,2.0
2025/08/13 20:30:00,MCKAY1,62.0,-257.56,2.0
2025/08/13 21:00:00,MCKAY1,63.0,-223.6,2.0
2025/08/13 21:30:00,MCKAY1,64.0,-308.51,2.0
2025/08/13 22:00:00,MCKAY1,65.0,-323.65,2.0
2025/08/13 22:30:00,MCKAY1,66.0,-137.3,2.0
2025/08/13 23:00:00,MCKAY1,67.0,-138.15,2.0
2025/08/13 23:30:00,MCKAY1,68.0,-187.4,2.0
2025/08/14 00:00:00,MCKAY1,69.0,-185.02,2.0
2025/08/14 00:30:00,MCKAY1,70.0,-119.83,2.0
2025/08/14 01:00:00,MCKAY1,71.0,-145.83,2.0
2025/08/14 01:30:00,MCKAY1,72.0,-108.26,2.0
2025/08/14 02:00:00,MCKAY1,73.0,-103.51,2.0
2025/08/14 02:30:00,MCKAY1,74.0,-94.49,2.0
2025/08/14 03:00:00,MCKAY1,75.0,-67.38,2.0
2025/08/14 03:30:00,MCKAY1,76.0,-86.83,2.0
2025/08/14 04:00:00,MCKAY1,77.0,-70.88,2.0
2025/08/12 14:00:00,MOLNGSF1,1.0,-1116.93,1.0
2025/08/12 14:30:00,MOLNGSF1,2.0,-65.3,1.0
2025/08/12 15:00:00,MOLNGSF1,3.0,-65.3,1.0
2025/08/12 15:30:00,MOLNGSF1,4.0,-74.33,1.0
2025/08/12 14:00:00,MOREESF1,1.0,-311.8,1.0
2025/08/12 14:30:00,MOREESF1,2.0,-20.78,1.0
2025/08/12 14:00:00,MURRAY,1.0,-19.51,2.0
2025/08/12 14:30:00,MURRAY,2.0,-13.26,2.0
2025/08/12 15:00:00,MURRAY,3.0,-1.79,2.0
2025/08/12 16:00:00,MURRAY,5.0,-52.66,2.0
2025/08/12 16:30:00,MURRAY,6.0,-56.99,2.0
2025/08/12 17:00:00,MURRAY,7.0,-74.79,2.0
2025/08/12 17:30:00,MURRAY,8.0,-21.69,2.0
2025/08/12 18:00:00,MURRAY,9.0,-72.92,2.0
2025/08/12 18:30:00,MURRAY,10.0,-2.73,2.0
2025/08/12 19:00:00,MURRAY,11.0,-77.31,2.0
2025/08/12 19:30:00,MURRAY,12.0,-0.9,2.0
2025/08/12 21:00:00,MURRAY,15.0,-12.21,2.0
2025/08/12 21:30:00,MURRAY,16.0,-64.02,2.0
2025/08/12 22:00:00,MURRAY,17.0,-35.81,2.0
2025/08/12 22:30:00,MURRAY,18.0,-31.9,2.0
2025/08/12 23:00:00,MURRAY,19.0,-35.85,2.0
2025/08/12 23:30:00,MURRAY,20.0,-33.55,2.0
2025/08/13 00:00:00,MURRAY,21.0,-6.89,2.0
2025/08/13 00:30:00,MURRAY,22.0,-62.91,2.0
2025/08/13 01:00:00,MURRAY,23.0,-76.17,2.0
2025/08/13 01:30:00,MURRAY,24.0,-58.01,2.0
2025/08/13 02:00:00,MURRAY,25.0,-42.93,2.0
2025/08/13 02:30:00,MURRAY,26.0,-57.93,2.0
2025/08/13 03:00:00,MURRAY,27.0,-45.89,2.0
2025/08/13 03:30:00,MURRAY,28.0,-64.89,2.0
2025/08/13 04:00:00,MURRAY,29.0,-59.02,2.0
2025/08/13 04:30:00,MURRAY,30.0,-137.49,2.0
2025/08/13 05:00:00,MURRAY,31.0,-116.46,2.0
2025/08/13 05:30:00,MURRAY,32.0,-148.99,2.0
2025/08/13 06:00:00,MURRAY,33.0,-165.62,2.0
2025/08/13 08:30:00,MURRAY,38.0,-38.81,2.0
2025/08/13 09:00:00,MURRAY,39.0,-171.16,2.0
2025/08/13 09:30:00,MURRAY,40.0,-231.71,2.0
2025/08/13 10:00:00,MURRAY,41.0,-125.54,2.0
2025/08/13 10:30:00,MURRAY,42.0,-83.31,2.0
2025/08/13 18:00:00,MURRAY,57.0,-220.3,2.0
2025/08/13 18:30:00,MURRAY,58.0,-182.53,2.0
2025/08/13 19:00:00,MURRAY,59.0,-992.32,2.0
2025/08/13 19:30:00,MURRAY,60.0,-523.9,2.0
2025/08/13 20:00:00,MURRAY,61.0,-425.89,2.0
2025/08/13 20:30:00,MURRAY,62.0,-507.76,2.0
2025/08/13 21:00:00,MURRAY,63.0,-440.82,2.0
2025/08/13 21:30:00,MURRAY,64.0,-608.21,2.0
2025/08/13 22:00:00,MURRAY,65.0,-638.06,2.0
2025/08/13 22:30:00,MURRAY,66.0,-270.67,2.0
2025/08/13 23:00:00,MURRAY,67.0,-272.35,2.0
2025/08/13 23:30:00,MURRAY,68.0,-369.44,2.0
2025/08/14 00:00:00,MURRAY,69.0,-364.76,2.0
2025/08/14 00:30:00,MURRAY,70.0,-236.23,2.0
2025/08/14 01:00:00,MURRAY,71.0,-287.49,2.0
2025/08/14 01:30:00,MURRAY,72.0,-213.42,2.0
2025/08/14 02:00:00,MURRAY,73.0,-204.06,2.0
2025/08/14 02:30:00,MURRAY,74.0,-186.28,2.0
2025/08/14 03:00:00,MURRAY,75.0,-132.84,2.0
2025/08/14 03:30:00,MURRAY,76.0,-171.18,2.0
2025/08/14 04:00:00,MURRAY,77.0,-139.74,2.0
2025/08/13 10:30:00,MUWAWF1,42.0,-137.7,2.0
2025/08/13 11:00:00,MUWAWF1,43.0,-84.33,2.0
2025/08/13 11:30:00,MUWAWF1,44.0,-70.99,2.0
2025/08/13 12:00:00,MUWAWF1,45.0,-17.7,2.0
2025/08/13 10:30:00,MUWAWF2,42.0,-137.7,2.0
2025/08/13 11:00:00,MUWAWF2,43.0,-84.33,2.0
2025/08/13 11:30:00,MUWAWF2,44.0,-70.99,2.0
2025/08/13 12:00:00,MUWAWF2,45.0,-17.7,2.0
2025/08/12 14:00:00,NEVERSF1,1.0,-182.87,2.0
2025/08/12 14:30:00,NEVERSF1,2.0,-9.99,1.0
2025/08/12 15:00:00,NEVERSF1,3.0,-9.99,1.0
2025/08/12 15:30:00,NEVERSF1,4.0,-11.37,1.0
2025/08/13 10:30:00,NUMURSF1,42.0,28.56,2.0
2025/08/13 11:00:00,NUMURSF1,43.0,17.49,2.0
2025/08/13 11:30:00,NUMURSF1,44.0,14.72,2.0
2025/08/13 12:00:00,NUMURSF1,45.0,3.67,2.0
2025/08/12 14:00:00,NYNGAN1,1.0,-182.87,2.0
2025/08/12 14:30:00,NYNGAN1,2.0,-9.99,1.0
2025/08/12 15:00:00,NYNGAN1,3.0,-9.99,1.0
2025/08/12 15:30:00,NYNGAN1,4.0,-11.37,1.0
2025/08/12 14:00:00,PARSF1,1.0,-564.17,2.0
2025/08/12 14:30:00,PARSF1,2.0,-31.02,1.0
2025/08/12 15:00:00,PARSF1,3.0,-31.02,1.0
2025/08/12 15:30:00,PARSF1,4.0,-35.31,1.0
2025/08/12 14:00:00,QBYNB1,1.0,4.77,2.0
2025/08/12 14:30:00,QBYNB1,2.0,3.24,2.0
2025/08/12 15:00:00,QBYNB1,3.0,0.44,2.0
2025/08/12 16:00:00,QBYNB1,5.0,12.87,2.0
2025/08/12 16:30:00,QBYNB1,6.0,13.92,2.0
2025/08/12 17:00:00,QBYNB1,7.0,18.27,2.0
2025/08/12 17:30:00,QBYNB1,8.0,5.3,2.0
2025/08/12 18:00:00,QBYNB1,9.0,17.81,2.0
2025/08/12 18:30:00,QBYNB1,10.0,0.67,2.0
2025/08/12 19:00:00,QBYNB1,11.0,18.89,2.0
2025/08/12 19:30:00,QBYNB1,12.0,0.22,2.0
2025/08/12 21:00:00,QBYNB1,15.0,2.98,2.0
2025/08/12 21:30:00,QBYNB1,16.0,15.64,2.0
2025/08/12 22:00:00,QBYNB1,17.0,8.75,2.0
2025/08/12 22:30:00,QBYNB1,18.0,7.79,2.0
2025/08/12 23:00:00,QBYNB1,19.0,8.76,2.0
2025/08/12 23:30:00,QBYNB1,20.0,8.2,2.0
2025/08/13 00:00:00,QBYNB1,21.0,1.68,2.0
2025/08/13 00:30:00,QBYNB1,22.0,15.37,2.0
2025/08/13 01:00:00,QBYNB1,23.0,491.2,2.0
2025/08/13 01:30:00,QBYNB1,24.0,14.17,2.0
2025/08/13 02:00:00,QBYNB1,25.0,191.15,2.0
2025/08/13 02:30:00,QBYNB1,26.0,192.52,2.0
2025/08/13 03:00:00,QBYNB1,27.0,494.08,2.0
2025/08/13 03:30:00,QBYNB1,28.0,494.36,2.0
2025/08/13 04:00:00,QBYNB1,29.0,494.31,2.0
2025/08/13 04:30:00,QBYNB1,30.0,33.59,2.0
2025/08/13 05:00:00,QBYNB1,31.0,28.45,2.0
2025/08/13 05:30:00,QBYNB1,32.0,36.4,2.0
2025/08/13 06:00:00,QBYNB1,33.0,40.46,2.0
2025/08/13 08:30:00,QBYNB1,38.0,9.48,2.0
2025/08/13 09:00:00,QBYNB1,39.0,41.82,2.0
2025/08/13 09:30:00,QBYNB1,40.0,56.61,2.0
2025/08/13 10:00:00,QBYNB1,41.0,30.67,2.0
2025/08/13 10:30:00,QBYNB1,42.0,20.35,2.0
2025/08/13 18:00:00,QBYNB1,57.0,53.82,2.0
2025/08/13 18:30:00,QBYNB1,58.0,44.59,2.0
2025/08/13 19:00:00,QBYNB1,59.0,242.43,2.0
2025/08/13 19:30:00,QBYNB1,60.0,127.99,2.0
2025/08/13 20:00:00,QBYNB1,61.0,104.05,2.0
2025/08/13 20:30:00,QBYNB1,62.0,124.05,2.0
2025/08/13 21:00:00,QBYNB1,63.0,107.69,2.0
2025/08/13 21:30:00,QBYNB1,64.0,148.59,2.0
2025/08/13 22:00:00,QBYNB1,65.0,155.88,2.0
2025/08/13 22:30:00,QBYNB1,66.0,66.13,2.0
2025/08/13 23:00:00,QBYNB1,67.0,66.54,2.0
2025/08/13 23:30:00,QBYNB1,68.0,90.26,2.0
2025/08/14 00:00:00,QBYNB1,69.0,89.11,2.0
2025/08/14 00:30:00,QBYNB1,70.0,57.71,2.0
2025/08/14 01:00:00,QBYNB1,71.0,70.24,2.0
2025/08/14 01:30:00,QBYNB1,72.0,52.14,2.0
2025/08/14 02:00:00,QBYNB1,73.0,49.85,2.0
2025/08/14 02:30:00,QBYNB1,74.0,45.51,2.0
2025/08/14 03:00:00,QBYNB1,75.0,32.45,2.0
2025/08/14 03:30:00,QBYNB1,76.0,41.82,2.0
2025/08/14 04:00:00,QBYNB1,77.0,34.14,2.0
2025/08/12 15:30:00,REECE1,4.0,-20.71,1.0
2025/08/13 06:00:00,REECE1,33.0,-341.05,1.0
2025/08/14 04:00:00,REECE1,77.0,-0.02,1.0
2025/08/12 15:30:00,REECE2,4.0,-20.71,1.0
2025/08/13 06:00:00,REECE2,33.0,-341.05,1.0
2025/08/14 04:00:00,REECE2,77.0,-0.02,1.0
2025/08/12 14:00:00,RESS1,1.0,15.35,2.0
2025/08/12 14:30:00,RESS1,2.0,10.43,2.0
2025/08/12 15:00:00,RESS1,3.0,1.41,2.0
2025/08/12 16:00:00,RESS1,5.0,41.43,2.0
2025/08/12 16:30:00,RESS1,6.0,44.84,2.0
2025/08/12 17:00:00,RESS1,7.0,58.84,2.0
2025/08/12 17:30:00,RESS1,8.0,17.06,2.0
2025/08/12 18:00:00,RESS1,9.0,57.37,2.0
2025/08/12 18:30:00,RESS1,10.0,2.15,2.0
2025/08/12 19:00:00,RESS1,11.0,60.82,2.0
2025/08/12 19:30:00,RESS1,12.0,0.71,2.0
2025/08/12 21:00:00,RESS1,15.0,9.6,2.0
2025/08/12 21:30:00,RESS1,16.0,50.36,2.0
2025/08/12 22:00:00,RESS1,17.0,28.17,2.0
2025/08/12 22:30:00,RESS1,18.0,25.1,2.0
2025/08/12 23:00:00,RESS1,19.0,28.21,2.0
2025/08/12 23:30:00,RESS1,20.0,26.39,2.0
2025/08/13 00:00:00,RESS1,21.0,5.42,2.0
2025/08/13 00:30:00,RESS1,22.0,49.49,2.0
2025/08/13 01:00:00,RESS1,23.0,59.93,2.0
2025/08/13 01:30:00,RESS1,24.0,45.64,2.0
2025/08/13 02:00:00,RESS1,25.0,33.78,2.0
2025/08/13 02:30:00,RESS1,26.0,45.58,2.0
2025/08/13 03:00:00,RESS1,27.0,36.1,2.0
2025/08/13 03:30:00,RESS1,28.0,51.05,2.0
2025/08/13 04:00:00,RESS1,29.0,46.44,2.0
2025/08/13 04:30:00,RESS1,30.0,108.17,2.0
2025/08/13 05:00:00,RESS1,31.0,91.62,2.0
2025/08/13 05:30:00,RESS1,32.0,117.22,2.0
2025/08/13 06:00:00,RESS1,33.0,130.3,2.0
2025/08/13 08:30:00,RESS1,38.0,30.54,2.0
2025/08/13 09:00:00,RESS1,39.0,134.66,2.0
2025/08/13 09:30:00,RESS1,40.0,182.3,2.0
2025/08/13 10:00:00,RESS1,41.0,98.77,2.0
2025/08/13 10:30:00,RESS1,42.0,28.43,2.0
2025/08/13 11:00:00,RESS1,43.0,-22.73,2.0
2025/08/13 11:30:00,RESS1,44.0,-19.13,2.0
2025/08/13 12:00:00,RESS1,45.0,-4.77,2.0
2025/08/13 18:00:00,RESS1,57.0,173.32,2.0
2025/08/13 18:30:00,RESS1,58.0,143.6,2.0
2025/08/13 19:00:00,RESS1,59.0,780.71,2.0
2025/08/13 19:30:00,RESS1,60.0,412.17,2.0
2025/08/13 20:00:00,RESS1,61.0,335.07,2.0
2025/08/13 20:30:00,RESS1,62.0,399.48,2.0
2025/08/13 21:00:00,RESS1,63.0,346.81,2.0
2025/08/13 21:30:00,RESS1,64.0,478.51,2.0
2025/08/13 22:00:00,RESS1,65.0,501.99,2.0
2025/08/13 22:30:00,RESS1,66.0,212.95,2.0
2025/08/13 23:00:00,RESS1,67.0,214.27,2.0
2025/08/13 23:30:00,RESS1,68.0,290.65,2.0
2025/08/14 00:00:00,RESS1,69.0,286.97,2.0
2025/08/14 00:30:00,RESS1,70.0,185.85,2.0
2025/08/14 01:00:00,RESS1,71.0,226.18,2.0
2025/08/14 01:30:00,RESS1,72.0,167.91,2.0
2025/08/14 02:00:00,RESS1,73.0,160.55,2.0
2025/08/14 02:30:00,RESS1,74.0,146.56,2.0
2025/08/14 03:00:00,RESS1,75.0,104.51,2.0
2025/08/14 03:30:00,RESS1,76.0,134.68,2.0
2025/08/14 04:00:00,RESS1,77.0,109.94,2.0
2025/08/12 14:00:00,RIVNB2,1.0,15.35,2.0
2025/08/12 14:30:00,RIVNB2,2.0,10.43,2.0
2025/08/12 15:00:00,RIVNB2,3.0,1.41,2.0
2025/08/12 16:00:00,RIVNB2,5.0,41.43,2.0
2025/08/12 16:30:00,RIVNB2,6.0,44.84,2.0
2025/08/12 17:00:00,RIVNB2,7.0,58.84,2.0
2025/08/12 17:30:00,RIVNB2,8.0,17.06,2.0
2025/08/12 18:00:00,RIVNB2,9.0,57.37,2.0
2025/08/12 18:30:00,RIVNB2,10.0,2.15,2.0
2025/08/12 19:00:00,RIVNB2,11.0,60.82,2.0
2025/08/12 19:30:00,RIVNB2,12.0,0.71,2.0
2025/08/12 21:00:00,RIVNB2,15.0,9.6,2.0
2025/08/12 21:30:00,RIVNB2,16.0,50.36,2.0
2025/08/12 22:00:00,RIVNB2,17.0,28.17,2.0
2025/08/12 22:30:00,RIVNB2,18.0,25.1,2.0
2025/08/12 23:00:00,RIVNB2,19.0,28.21,2.0
2025/08/12 23:30:00,RIVNB2,20.0,26.39,2.0
2025/08/13 00:00:00,RIVNB2,21.0,5.42,2.0
2025/08/13 00:30:00,RIVNB2,22.0,49.49,2.0
2025/08/13 01:00:00,RIVNB2,23.0,59.93,2.0
2025/08/13 01:30:00,RIVNB2,24.0,45.64,2.0
2025/08/13 02:00:00,RIVNB2,25.0,33.78,2.0
2025/08/13 02:30:00,RIVNB2,26.0,45.58,2.0
2025/08/13 03:00:00,RIVNB2,27.0,36.1,2.0
2025/08/13 03:30:00,RIVNB2,28.0,51.05,2.0
2025/08/13 04:00:00,RIVNB2,29.0,46.44,2.0
2025/08/13 04:30:00,RIVNB2,30.0,108.17,2.0
2025/08/13 05:00:00,RIVNB2,31.0,91.62,2.0
2025/08/13 05:30:00,RIVNB2,32.0,117.22,2.0
2025/08/13 06:00:00,RIVNB2,33.0,130.3,2.0
2025/08/13 08:30:00,RIVNB2,38.0,30.54,2.0
2025/08/13 09:00:00,RIVNB2,39.0,134.66,2.0
2025/08/13 09:30:00,RIVNB2,40.0,182.3,2.0
2025/08/13 10:00:00,RIVNB2,41.0,98.77,2.0
2025/08/13 10:30:00,RIVNB2,42.0,28.43,2.0
2025/08/13 11:00:00,RIVNB2,43.0,-22.73,2.0
2025/08/13 11:30:00,RIVNB2,44.0,-19.13,2.0
2025/08/13 12:00:00,RIVNB2,45.0,-4.77,2.0
2025/08/13 18:00:00,RIVNB2,57.0,173.32,2.0
2025/08/13 18:30:00,RIVNB2,58.0,143.6,2.0
2025/08/13 19:00:00,RIVNB2,59.0,780.71,2.0
2025/08/13 19:30:00,RIVNB2,60.0,412.17,2.0
2025/08/13 20:00:00,RIVNB2,61.0,335.07,2.0
2025/08/13 20:30:00,RIVNB2,62.0,399.48,2.0
2025/08/13 21:00:00,RIVNB2,63.0,346.81,2.0
2025/08/13 21:30:00,RIVNB2,64.0,478.51,2.0
2025/08/13 22:00:00,RIVNB2,65.0,501.99,2.0
2025/08/13 22:30:00,RIVNB2,66.0,212.95,2.0
2025/08/13 23:00:00,RIVNB2,67.0,214.27,2.0
2025/08/13 23:30:00,RIVNB2,68.0,290.65,2.0
2025/08/14 00:00:00,RIVNB2,69.0,286.97,2.0
2025/08/14 00:30:00,RIVNB2,70.0,185.85,2.0
2025/08/14 01:00:00,RIVNB2,71.0,226.18,2.0
2025/08/14 01:30:00,RIVNB2,72.0,167.91,2.0
2025/08/14 02:00:00,RIVNB2,73.0,160.55,2.0
2025/08/14 02:30:00,RIVNB2,74.0,146.56,2.0
2025/08/14 03:00:00,RIVNB2,75.0,104.51,2.0
2025/08/14 03:30:00,RIVNB2,76.0,134.68,2.0
2025/08/14 04:00:00,RIVNB2,77.0,109.94,2.0
2025/08/12 14:00:00,SEBSF1,1.0,-77.63,1.0
2025/08/12 14:30:00,SEBSF1,2.0,-68.01,1.0
2025/08/12 15:00:00,SEBSF1,3.0,-68.01,1.0
2025/08/12 15:30:00,SEBSF1,4.0,-75.89,1.0
2025/08/12 14:00:00,SNOWYP,1.0,-15.76,2.0
2025/08/12 14:30:00,SNOWYP,2.0,-10.71,2.0
2025/08/12 15:00:00,SNOWYP,3.0,-1.44,2.0
2025/08/12 16:00:00,SNOWYP,5.0,-42.52,2.0
2025/08/12 16:30:00,SNOWYP,6.0,-46.02,2.0
2025/08/12 17:00:00,SNOWYP,7.0,-60.39,2.0
2025/08/12 17:30:00,SNOWYP,8.0,-17.51,2.0
2025/08/12 18:00:00,SNOWYP,9.0,-58.88,2.0
2025/08/12 18:30:00,SNOWYP,10.0,-2.21,2.0
2025/08/12 19:00:00,SNOWYP,11.0,-62.42,2.0
2025/08/12 19:30:00,SNOWYP,12.0,-0.73,2.0
2025/08/12 21:00:00,SNOWYP,15.0,-9.86,2.0
2025/08/12 21:30:00,SNOWYP,16.0,-51.69,2.0
2025/08/12 22:00:00,SNOWYP,17.0,-28.91,2.0
2025/08/12 22:30:00,SNOWYP,18.0,-25.76,2.0
2025/08/12 23:00:00,SNOWYP,19.0,-28.95,2.0
2025/08/12 23:30:00,SNOWYP,20.0,-27.09,2.0
2025/08/13 00:00:00,SNOWYP,21.0,-5.57,2.0
2025/08/13 00:30:00,SNOWYP,22.0,-50.8,2.0
2025/08/13 01:00:00,SNOWYP,23.0,-61.51,2.0
2025/08/13 01:30:00,SNOWYP,24.0,-46.84,2.0
2025/08/13 02:00:00,SNOWYP,25.0,-34.67,2.0
2025/08/13 02:30:00,SNOWYP,26.0,-46.78,2.0
2025/08/13 03:00:00,SNOWYP,27.0,-37.05,2.0
2025/08/13 03:30:00,SNOWYP,28.0,-52.4,2.0
2025/08/13 04:00:00,SNOWYP,29.0,-47.66,2.0
2025/08/13 04:30:00,SNOWYP,30.0,-111.02,2.0
2025/08/13 05:00:00,SNOWYP,31.0,-94.03,2.0
2025/08/13 05:30:00,SNOWYP,32.0,-120.3,2.0
2025/08/13 06:00:00,SNOWYP,33.0,-133.73,2.0
2025/08/13 08:30:00,SNOWYP,38.0,-31.34,2.0
2025/08/13 09:00:00,SNOWYP,39.0,-138.21,2.0
2025/08/13 09:30:00,SNOWYP,40.0,-187.09,2.0
2025/08/13 10:00:00,SNOWYP,41.0,-101.37,2.0
2025/08/13 10:30:00,SNOWYP,42.0,-67.27,2.0
2025/08/13 18:00:00,SNOWYP,57.0,-177.88,2.0
2025/08/13 18:30:00,SNOWYP,58.0,-147.38,2.0
2025/08/13 19:00:00,SNOWYP,59.0,-801.25,2.0
2025/08/13 19:30:00,SNOWYP,60.0,-423.02,2.0
2025/08/13 20:00:00,SNOWYP,61.0,-343.89,2.0
2025/08/13 20:30:00,SNOWYP,62.0,-409.99,2.0
2025/08/13 21:00:00,SNOWYP,63.0,-355.94,2.0
2025/08/13 21:30:00,SNOWYP,64.0,-491.1,2.0
2025/08/13 22:00:00,SNOWYP,65.0,-515.2,2.0
2025/08/13 22:30:00,SNOWYP,66.0,-218.55,2.0
2025/08/13 23:00:00,SNOWYP,67.0,-219.91,2.0
2025/08/13 23:30:00,SNOWYP,68.0,-298.3,2.0
2025/08/14 00:00:00,SNOWYP,69.0,-294.52,2.0
2025/08/14 00:30:00,SNOWYP,70.0,-190.74,2.0
2025/08/14 01:00:00,SNOWYP,71.0,-232.14,2.0
2025/08/14 01:30:00,SNOWYP,72.0,-172.32,2.0
2025/08/14 02:00:00,SNOWYP,73.0,-164.77,2.0
2025/08/14 02:30:00,SNOWYP,74.0,-150.41,2.0
2025/08/14 03:00:00,SNOWYP,75.0,-107.26,2.0
2025/08/14 03:30:00,SNOWYP,76.0,-138.22,2.0
2025/08/14 04:00:00,SNOWYP,77.0,-112.84,2.0
2025/08/12 14:00:00,STUBSF1,1.0,-4.99,2.0
2025/08/12 14:00:00,STUBSF2,1.0,-4.99,2.0
2025/08/12 14:00:00,STWF1,1.0,28.89,2.0
2025/08/12 14:30:00,STWF1,2.0,19.63,2.0
2025/08/12 15:00:00,STWF1,3.0,2.65,2.0
2025/08/12 16:00:00,STWF1,5.0,77.96,2.0
2025/08/12 16:30:00,STWF1,6.0,84.36,2.0
2025/08/12 17:00:00,STWF1,7.0,110.72,2.0
2025/08/12 17:30:00,STWF1,8.0,32.1,2.0
2025/08/12 18:00:00,STWF1,9.0,107.94,2.0
2025/08/12 18:30:00,STWF1,10.0,4.04,2.0
2025/08/12 19:00:00,STWF1,11.0,114.44,2.0
2025/08/12 19:30:00,STWF1,12.0,1.33,2.0
2025/08/12 21:00:00,STWF1,15.0,18.07,2.0
2025/08/12 21:30:00,STWF1,16.0,94.76,2.0
2025/08/12 22:00:00,STWF1,17.0,53.0,2.0
2025/08/12 22:30:00,STWF1,18.0,47.22,2.0
2025/08/12 23:00:00,STWF1,19.0,53.07,2.0
2025/08/12 23:30:00,STWF1,20.0,49.66,2.0
2025/08/13 00:00:00,STWF1,21.0,10.2,2.0
2025/08/13 00:30:00,STWF1,22.0,93.13,2.0
2025/08/13 01:00:00,STWF1,23.0,112.76,2.0
2025/08/13 01:30:00,STWF1,24.0,85.87,2.0
2025/08/13 02:00:00,STWF1,25.0,63.56,2.0
2025/08/13 02:30:00,STWF1,26.0,85.76,2.0
2025/08/13 03:00:00,STWF1,27.0,67.93,2.0
2025/08/13 03:30:00,STWF1,28.0,96.06,2.0
2025/08/13 04:00:00,STWF1,29.0,87.37,2.0
2025/08/13 04:30:00,STWF1,30.0,203.53,2.0
2025/08/13 05:00:00,STWF1,31.0,172.4,2.0
2025/08/13 05:30:00,STWF1,32.0,220.55,2.0
2025/08/13 06:00:00,STWF1,33.0,245.17,2.0
2025/08/13 08:30:00,STWF1,38.0,57.46,2.0
2025/08/13 09:00:00,STWF1,39.0,253.38,2.0
2025/08/13 09:30:00,STWF1,40.0,343.01,2.0
2025/08/13 10:00:00,STWF1,41.0,185.84,2.0
2025/08/13 10:30:00,STWF1,42.0,-153.2,2.0
2025/08/13 11:00:00,STWF1,43.0,-169.36,2.0
2025/08/13 11:30:00,STWF1,44.0,-142.56,2.0
2025/08/13 12:00:00,STWF1,45.0,-35.54,2.0
2025/08/13 18:00:00,STWF1,57.0,326.12,2.0
2025/08/13 18:30:00,STWF1,58.0,270.2,2.0
2025/08/13 19:00:00,STWF1,59.0,1468.97,2.0
2025/08/13 19:30:00,STWF1,60.0,775.54,2.0
2025/08/13 20:00:00,STWF1,61.0,630.46,2.0
2025/08/13 20:30:00,STWF1,62.0,751.65,2.0
2025/08/13 21:00:00,STWF1,63.0,652.56,2.0
2025/08/13 21:30:00,STWF1,64.0,900.35,2.0
2025/08/13 22:00:00,STWF1,65.0,944.53,2.0
2025/08/13 22:30:00,STWF1,66.0,400.68,2.0
2025/08/13 23:00:00,STWF1,67.0,403.16,2.0
2025/08/13 23:30:00,STWF1,68.0,546.89,2.0
2025/08/14 00:00:00,STWF1,69.0,539.96,2.0
2025/08/14 00:30:00,STWF1,70.0,349.7,2.0
2025/08/14 01:00:00,STWF1,71.0,425.58,2.0
2025/08/14 01:30:00,STWF1,72.0,315.93,2.0
2025/08/14 02:00:00,STWF1,73.0,302.08,2.0
2025/08/14 02:30:00,STWF1,74.0,275.76,2.0
2025/08/14 03:00:00,STWF1,75.0,196.65,2.0
2025/08/14 03:30:00,STWF1,76.0,253.4,2.0
2025/08/14 04:00:00,STWF1,77.0,206.87,2.0
2025/08/12 14:00:00,SUNRSF1,1.0,15.35,2.0
2025/08/12 14:30:00,SUNRSF1,2.0,10.43,2.0
2025/08/12 15:00:00,SUNRSF1,3.0,1.41,2.0
2025/08/12 16:00:00,SUNRSF1,5.0,41.43,2.0
2025/08/12 16:30:00,SUNRSF1,6.0,44.84,2.0
2025/08/12 17:00:00,SUNRSF1,7.0,58.84,2.0
2025/08/12 17:30:00,SUNRSF1,8.0,17.06,2.0
2025/08/12 18:00:00,SUNRSF1,9.0,57.37,2.0
2025/08/12 18:30:00,SUNRSF1,10.0,2.15,2.0
2025/08/12 19:00:00,SUNRSF1,11.0,60.82,2.0
2025/08/12 19:30:00,SUNRSF1,12.0,0.71,2.0
2025/08/12 21:00:00,SUNRSF1,15.0,9.6,2.0
2025/08/12 21:30:00,SUNRSF1,16.0,50.36,2.0
2025/08/12 22:00:00,SUNRSF1,17.0,28.17,2.0
2025/08/12 22:30:00,SUNRSF1,18.0,25.1,2.0
2025/08/12 23:00:00,SUNRSF1,19.0,28.21,2.0
2025/08/12 23:30:00,SUNRSF1,20.0,26.39,2.0
2025/08/13 00:00:00,SUNRSF1,21.0,5.42,2.0
2025/08/13 00:30:00,SUNRSF1,22.0,49.49,2.0
2025/08/13 01:00:00,SUNRSF1,23.0,59.93,2.0
2025/08/13 01:30:00,SUNRSF1,24.0,45.64,2.0
2025/08/13 02:00:00,SUNRSF1,25.0,33.78,2.0
2025/08/13 02:30:00,SUNRSF1,26.0,45.58,2.0
2025/08/13 03:00:00,SUNRSF1,27.0,36.1,2.0
2025/08/13 03:30:00,SUNRSF1,28.0,51.05,2.0
2025/08/13 04:00:00,SUNRSF1,29.0,46.44,2.0
2025/08/13 04:30:00,SUNRSF1,30.0,108.17,2.0
2025/08/13 05:00:00,SUNRSF1,31.0,91.62,2.0
2025/08/13 05:30:00,SUNRSF1,32.0,117.22,2.0
2025/08/13 06:00:00,SUNRSF1,33.0,130.3,2.0
2025/08/13 08:30:00,SUNRSF1,38.0,30.54,2.0
2025/08/13 09:00:00,SUNRSF1,39.0,134.66,2.0
2025/08/13 09:30:00,SUNRSF1,40.0,182.3,2.0
2025/08/13 10:00:00,SUNRSF1,41.0,98.77,2.0
2025/08/13 10:30:00,SUNRSF1,42.0,-131.16,2.0
2025/08/13 11:00:00,SUNRSF1,43.0,-120.47,2.0
2025/08/13 11:30:00,SUNRSF1,44.0,-101.41,2.0
2025/08/13 12:00:00,SUNRSF1,45.0,-25.28,2.0
2025/08/13 18:00:00,SUNRSF1,57.0,173.32,2.0
2025/08/13 18:30:00,SUNRSF1,58.0,143.6,2.0
2025/08/13 19:00:00,SUNRSF1,59.0,780.71,2.0
2025/08/13 19:30:00,SUNRSF1,60.0,412.17,2.0
2025/08/13 20:00:00,SUNRSF1,61.0,335.07,2.0
2025/08/13 20:30:00,SUNRSF1,62.0,399.48,2.0
2025/08/13 21:00:00,SUNRSF1,63.0,346.81,2.0
2025/08/13 21:30:00,SUNRSF1,64.0,478.51,2.0
2025/08/13 22:00:00,SUNRSF1,65.0,501.99,2.0
2025/08/13 22:30:00,SUNRSF1,66.0,212.95,2.0
2025/08/13 23:00:00,SUNRSF1,67.0,214.27,2.0
2025/08/13 23:30:00,SUNRSF1,68.0,290.65,2.0
2025/08/14 00:00:00,SUNRSF1,69.0,286.97,2.0
2025/08/14 00:30:00,SUNRSF1,70.0,185.85,2.0
2025/08/14 01:00:00,SUNRSF1,71.0,226.18,2.0
2025/08/14 01:30:00,SUNRSF1,72.0,167.91,2.0
2025/08/14 02:00:00,SUNRSF1,73.0,160.55,2.0
2025/08/14 02:30:00,SUNRSF1,74.0,146.56,2.0
2025/08/14 03:00:00,SUNRSF1,75.0,104.51,2.0
2025/08/14 03:30:00,SUNRSF1,76.0,134.68,2.0
2025/08/14 04:00:00,SUNRSF1,77.0,109.94,2.0
2025/08/12 14:00:00,SUNTPSF1,1.0,-211.1,1.0
2025/08/12 14:30:00,SUNTPSF1,2.0,-12.34,1.0
2025/08/12 15:00:00,SUNTPSF1,3.0,-12.34,1.0
2025/08/12 15:30:00,SUNTPSF1,4.0,-14.05,1.0
2025/08/12 14:00:00,TARALGA1,1.0,4.77,2.0
2025/08/12 14:30:00,TARALGA1,2.0,3.24,2.0
2025/08/12 15:00:00,TARALGA1,3.0,0.44,2.0
2025/08/12 16:00:00,TARALGA1,5.0,12.87,2.0
2025/08/12 16:30:00,TARALGA1,6.0,13.92,2.0
2025/08/12 17:00:00,TARALGA1,7.0,18.27,2.0
2025/08/12 17:30:00,TARALGA1,8.0,5.3,2.0
2025/08/12 18:00:00,TARALGA1,9.0,17.81,2.0
2025/08/12 18:30:00,TARALGA1,10.0,0.67,2.0
2025/08/12 19:00:00,TARALGA1,11.0,18.89,2.0
2025/08/12 19:30:00,TARALGA1,12.0,0.22,2.0
2025/08/12 21:00:00,TARALGA1,15.0,2.98,2.0
2025/08/12 21:30:00,TARALGA1,16.0,15.64,2.0
2025/08/12 22:00:00,TARALGA1,17.0,8.75,2.0
2025/08/12 22:30:00,TARALGA1,18.0,7.79,2.0
2025/08/12 23:00:00,TARALGA1,19.0,8.76,2.0
2025/08/12 23:30:00,TARALGA1,20.0,8.2,2.0
2025/08/13 00:00:00,TARALGA1,21.0,1.68,2.0
2025/08/13 00:30:00,TARALGA1,22.0,15.37,2.0
2025/08/13 01:00:00,TARALGA1,23.0,18.61,2.0
2025/08/13 01:30:00,TARALGA1,24.0,14.17,2.0
2025/08/13 02:00:00,TARALGA1,25.0,10.49,2.0
2025/08/13 02:30:00,TARALGA1,26.0,14.15,2.0
2025/08/13 03:00:00,TARALGA1,27.0,11.21,2.0
2025/08/13 03:30:00,TARALGA1,28.0,15.85,2.0
2025/08/13 04:00:00,TARALGA1,29.0,14.42,2.0
2025/08/13 04:30:00,TARALGA1,30.0,33.59,2.0
2025/08/13 05:00:00,TARALGA1,31.0,28.45,2.0
2025/08/13 05:30:00,TARALGA1,32.0,36.4,2.0
2025/08/13 06:00:00,TARALGA1,33.0,40.46,2.0
2025/08/13 08:30:00,TARALGA1,38.0,9.48,2.0
2025/08/13 09:00:00,TARALGA1,39.0,41.82,2.0
2025/08/13 09:30:00,TARALGA1,40.0,56.61,2.0
2025/08/13 10:00:00,TARALGA1,41.0,30.67,2.0
2025/08/13 10:30:00,TARALGA1,42.0,20.35,2.0
2025/08/13 18:00:00,TARALGA1,57.0,53.82,2.0
2025/08/13 18:30:00,TARALGA1,58.0,44.59,2.0
2025/08/13 19:00:00,TARALGA1,59.0,242.43,2.0
2025/08/13 19:30:00,TARALGA1,60.0,127.99,2.0
2025/08/13 20:00:00,TARALGA1,61.0,104.05,2.0
2025/08/13 20:30:00,TARALGA1,62.0,124.05,2.0
2025/08/13 21:00:00,TARALGA1,63.0,107.69,2.0
2025/08/13 21:30:00,TARALGA1,64.0,148.59,2.0
2025/08/13 22:00:00,TARALGA1,65.0,155.88,2.0
2025/08/13 22:30:00,TARALGA1,66.0,66.13,2.0
2025/08/13 23:00:00,TARALGA1,67.0,66.54,2.0
2025/08/13 23:30:00,TARALGA1,68.0,90.26,2.0
2025/08/14 00:00:00,TARALGA1,69.0,89.11,2.0
2025/08/14 00:30:00,TARALGA1,70.0,57.71,2.0
2025/08/14 01:00:00,TARALGA1,71.0,70.24,2.0
2025/08/14 01:30:00,TARALGA1,72.0,52.14,2.0
2025/08/14 02:00:00,TARALGA1,73.0,49.85,2.0
2025/08/14 02:30:00,TARALGA1,74.0,45.51,2.0
2025/08/14 03:00:00,TARALGA1,75.0,32.45,2.0
2025/08/14 03:30:00,TARALGA1,76.0,41.82,2.0
2025/08/14 04:00:00,TARALGA1,77.0,34.14,2.0
2025/08/12 15:30:00,TRIBUTE,4.0,-20.71,1.0
2025/08/13 06:00:00,TRIBUTE,33.0,-341.05,1.0
2025/08/14 04:00:00,TRIBUTE,77.0,-0.02,1.0
2025/08/12 14:00:00,TUMUT3,1.0,15.76,2.0
2025/08/12 14:30:00,TUMUT3,2.0,10.71,2.0
2025/08/12 15:00:00,TUMUT3,3.0,1.44,2.0
2025/08/12 16:00:00,TUMUT3,5.0,42.52,2.0
2025/08/12 16:30:00,TUMUT3,6.0,46.02,2.0
2025/08/12 17:00:00,TUMUT3,7.0,60.39,2.0
2025/08/12 17:30:00,TUMUT3,8.0,17.51,2.0
2025/08/12 18:00:00,TUMUT3,9.0,58.88,2.0
2025/08/12 18:30:00,TUMUT3,10.0,2.21,2.0
2025/08/12 19:00:00,TUMUT3,11.0,62.42,2.0
2025/08/12 19:30:00,TUMUT3,12.0,0.73,2.0
2025/08/12 21:00:00,TUMUT3,15.0,9.86,2.0
2025/08/12 21:30:00,TUMUT3,16.0,51.69,2.0
2025/08/12 22:00:00,TUMUT3,17.0,28.91,2.0
2025/08/12 22:30:00,TUMUT3,18.0,25.76,2.0
2025/08/12 23:00:00,TUMUT3,19.0,28.95,2.0
2025/08/12 23:30:00,TUMUT3,20.0,27.09,2.0
2025/08/13 00:00:00,TUMUT3,21.0,5.57,2.0
2025/08/13 00:30:00,TUMUT3,22.0,50.8,2.0
2025/08/13 01:00:00,TUMUT3,23.0,61.51,2.0
2025/08/13 01:30:00,TUMUT3,24.0,46.84,2.0
2025/08/13 02:00:00,TUMUT3,25.0,34.67,2.0
2025/08/13 02:30:00,TUMUT3,26.0,46.78,2.0
2025/08/13 03:00:00,TUMUT3,27.0,37.05,2.0
2025/08/13 03:30:00,TUMUT3,28.0,52.4,2.0
2025/08/13 04:00:00,TUMUT3,29.0,47.66,2.0
2025/08/13 04:30:00,TUMUT3,30.0,111.02,2.0
2025/08/13 05:00:00,TUMUT3,31.0,94.03,2.0
2025/08/13 05:30:00,TUMUT3,32.0,120.3,2.0
2025/08/13 06:00:00,TUMUT3,33.0,133.73,2.0
2025/08/13 08:30:00,TUMUT3,38.0,31.34,2.0
2025/08/13 09:00:00,TUMUT3,39.0,138.21,2.0
2025/08/13 09:30:00,TUMUT3,40.0,187.09,2.0
2025/08/13 10:00:00,TUMUT3,41.0,101.37,2.0
2025/08/13 10:30:00,TUMUT3,42.0,67.27,2.0
2025/08/13 18:00:00,TUMUT3,57.0,177.88,2.0
2025/08/13 18:30:00,TUMUT3,58.0,147.38,2.0
2025/08/13 19:00:00,TUMUT3,59.0,801.25,2.0
2025/08/13 19:30:00,TUMUT3,60.0,423.02,2.0
2025/08/13 20:00:00,TUMUT3,61.0,343.89,2.0
2025/08/13 20:30:00,TUMUT3,62.0,409.99,2.0
2025/08/13 21:00:00,TUMUT3,63.0,355.94,2.0
2025/08/13 21:30:00,TUMUT3,64.0,491.1,2.0
2025/08/13 22:00:00,TUMUT3,65.0,515.2,2.0
2025/08/13 22:30:00,TUMUT3,66.0,218.55,2.0
2025/08/13 23:00:00,TUMUT3,67.0,219.91,2.0
2025/08/13 23:30:00,TUMUT3,68.0,298.3,2.0
2025/08/14 00:00:00,TUMUT3,69.0,294.52,2.0
2025/08/14 00:30:00,TUMUT3,70.0,190.74,2.0
2025/08/14 01:00:00,TUMUT3,71.0,232.14,2.0
2025/08/14 01:30:00,TUMUT3,72.0,172.32,2.0
2025/08/14 02:00:00,TUMUT3,73.0,164.77,2.0
2025/08/14 02:30:00,TUMUT3,74.0,150.41,2.0
2025/08/14 03:00:00,TUMUT3,75.0,107.26,2.0
2025/08/14 03:30:00,TUMUT3,76.0,138.22,2.0
2025/08/14 04:00:00,TUMUT3,77.0,112.84,2.0
2025/08/13 06:00:00,TVCC201,33.0,-78.88,1.0
2025/08/12 14:00:00,UPPTUMUT,1.0,24.16,2.0
2025/08/12 14:30:00,UPPTUMUT,2.0,16.41,2.0
2025/08/12 15:00:00,UPPTUMUT,3.0,2.21,2.0
2025/08/12 16:00:00,UPPTUMUT,5.0,65.2,2.0
2025/08/12 16:30:00,UPPTUMUT,6.0,70.56,2.0
2025/08/12 17:00:00,UPPTUMUT,7.0,92.6,2.0
2025/08/12 17:30:00,UPPTUMUT,8.0,26.85,2.0
2025/08/12 18:00:00,UPPTUMUT,9.0,90.28,2.0
2025/08/12 18:30:00,UPPTUMUT,10.0,3.38,2.0
2025/08/12 19:00:00,UPPTUMUT,11.0,95.71,2.0
2025/08/12 19:30:00,UPPTUMUT,12.0,1.11,2.0
2025/08/12 21:00:00,UPPTUMUT,15.0,15.11,2.0
2025/08/12 21:30:00,UPPTUMUT,16.0,79.26,2.0
2025/08/12 22:00:00,UPPTUMUT,17.0,44.33,2.0
2025/08/12 22:30:00,UPPTUMUT,18.0,39.49,2.0
2025/08/12 23:00:00,UPPTUMUT,19.0,44.39,2.0
2025/08/12 23:30:00,UPPTUMUT,20.0,41.53,2.0
2025/08/13 00:00:00,UPPTUMUT,21.0,8.53,2.0
2025/08/13 00:30:00,UPPTUMUT,22.0,77.89,2.0
2025/08/13 01:00:00,UPPTUMUT,23.0,94.31,2.0
2025/08/13 01:30:00,UPPTUMUT,24.0,71.82,2.0
2025/08/13 02:00:00,UPPTUMUT,25.0,53.16,2.0
2025/08/13 02:30:00,UPPTUMUT,26.0,71.73,2.0
2025/08/13 03:00:00,UPPTUMUT,27.0,56.81,2.0
2025/08/13 03:30:00,UPPTUMUT,28.0,80.34,2.0
2025/08/13 04:00:00,UPPTUMUT,29.0,73.08,2.0
2025/08/13 04:30:00,UPPTUMUT,30.0,170.22,2.0
2025/08/13 05:00:00,UPPTUMUT,31.0,144.19,2.0
2025/08/13 05:30:00,UPPTUMUT,32.0,184.46,2.0
2025/08/13 06:00:00,UPPTUMUT,33.0,205.05,2.0
2025/08/13 08:30:00,UPPTUMUT,38.0,48.05,2.0
2025/08/13 09:00:00,UPPTUMUT,39.0,211.92,2.0
2025/08/13 09:30:00,UPPTUMUT,40.0,286.88,2.0
2025/08/13 10:00:00,UPPTUMUT,41.0,155.43,2.0
2025/08/13 10:30:00,UPPTUMUT,42.0,103.15,2.0
2025/08/13 18:00:00,UPPTUMUT,57.0,272.76,2.0
2025/08/13 18:30:00,UPPTUMUT,58.0,225.99,2.0
2025/08/13 19:00:00,UPPTUMUT,59.0,1228.59,2.0
2025/08/13 19:30:00,UPPTUMUT,60.0,648.63,2.0
2025/08/13 20:00:00,UPPTUMUT,61.0,527.29,2.0
2025/08/13 20:30:00,UPPTUMUT,62.0,628.65,2.0
2025/08/13 21:00:00,UPPTUMUT,63.0,545.77,2.0
2025/08/13 21:30:00,UPPTUMUT,64.0,753.02,2.0
2025/08/13 22:00:00,UPPTUMUT,65.0,789.97,2.0
2025/08/13 22:30:00,UPPTUMUT,66.0,335.12,2.0
2025/08/13 23:00:00,UPPTUMUT,67.0,337.19,2.0
2025/08/13 23:30:00,UPPTUMUT,68.0,457.4,2.0
2025/08/14 00:00:00,UPPTUMUT,69.0,451.6,2.0
2025/08/14 00:30:00,UPPTUMUT,70.0,292.47,2.0
2025/08/14 01:00:00,UPPTUMUT,71.0,355.94,2.0
2025/08/14 01:30:00,UPPTUMUT,72.0,264.23,2.0
2025/08/14 02:00:00,UPPTUMUT,73.0,252.65,2.0
2025/08/14 02:30:00,UPPTUMUT,74.0,230.63,2.0
2025/08/14 03:00:00,UPPTUMUT,75.0,164.47,2.0
2025/08/14 03:30:00,UPPTUMUT,76.0,211.94,2.0
2025/08/14 04:00:00,UPPTUMUT,77.0,173.02,2.0
2025/08/12 14:00:00,URANQ11,1.0,25.29,2.0
2025/08/12 14:30:00,URANQ11,2.0,18.25,2.0
2025/08/12 15:00:00,URANQ11,3.0,6.59,2.0
2025/08/12 15:30:00,URANQ11,4.0,5.33,1.0
2025/08/12 16:00:00,URANQ11,5.0,53.54,2.0
2025/08/12 16:30:00,URANQ11,6.0,57.93,2.0
2025/08/12 17:00:00,URANQ11,7.0,76.03,2.0
2025/08/12 17:30:00,URANQ11,8.0,22.05,2.0
2025/08/12 18:00:00,URANQ11,9.0,74.12,2.0
2025/08/12 18:30:00,URANQ11,10.0,2.78,2.0
2025/08/12 19:00:00,URANQ11,11.0,78.59,2.0
2025/08/12 19:30:00,URANQ11,12.0,0.91,2.0
2025/08/12 21:00:00,URANQ11,15.0,12.41,2.0
2025/08/12 21:30:00,URANQ11,16.0,65.08,2.0
2025/08/12 22:00:00,URANQ11,17.0,36.4,2.0
2025/08/12 22:30:00,URANQ11,18.0,32.43,2.0
2025/08/12 23:00:00,URANQ11,19.0,36.44,2.0
2025/08/12 23:30:00,URANQ11,20.0,34.1,2.0
2025/08/13 00:00:00,URANQ11,21.0,7.01,2.0
2025/08/13 00:30:00,URANQ11,22.0,63.95,2.0
2025/08/13 01:00:00,URANQ11,23.0,77.44,2.0
2025/08/13 01:30:00,URANQ11,24.0,58.97,2.0
2025/08/13 02:00:00,URANQ11,25.0,43.64,2.0
2025/08/13 02:30:00,URANQ11,26.0,58.89,2.0
2025/08/13 03:00:00,URANQ11,27.0,46.65,2.0
2025/08/13 03:30:00,URANQ11,28.0,65.97,2.0
2025/08/13 04:00:00,URANQ11,29.0,60.0,2.0
2025/08/13 04:30:00,URANQ11,30.0,139.77,2.0
2025/08/13 05:00:00,URANQ11,31.0,118.39,2.0
2025/08/13 05:30:00,URANQ11,32.0,151.46,2.0
2025/08/13 06:00:00,URANQ11,33.0,168.36,2.0
2025/08/13 08:30:00,URANQ11,38.0,39.46,2.0
2025/08/13 09:00:00,URANQ11,39.0,174.0,2.0
2025/08/13 09:30:00,URANQ11,40.0,235.55,2.0
2025/08/13 10:00:00,URANQ11,41.0,127.62,2.0
2025/08/13 10:30:00,URANQ11,42.0,84.69,2.0
2025/08/13 18:00:00,URANQ11,57.0,223.95,2.0
2025/08/13 18:30:00,URANQ11,58.0,185.55,2.0
2025/08/13 19:00:00,URANQ11,59.0,1008.76,2.0
2025/08/13 19:30:00,URANQ11,60.0,532.57,2.0
2025/08/13 20:00:00,URANQ11,61.0,432.94,2.0
2025/08/13 20:30:00,URANQ11,62.0,516.17,2.0
2025/08/13 21:00:00,URANQ11,63.0,448.12,2.0
2025/08/13 21:30:00,URANQ11,64.0,618.28,2.0
2025/08/13 22:00:00,URANQ11,65.0,648.62,2.0
2025/08/13 22:30:00,URANQ11,66.0,275.15,2.0
2025/08/13 23:00:00,URANQ11,67.0,276.86,2.0
2025/08/13 23:30:00,URANQ11,68.0,375.56,2.0
2025/08/14 00:00:00,URANQ11,69.0,370.8,2.0
2025/08/14 00:30:00,URANQ11,70.0,240.14,2.0
2025/08/14 01:00:00,URANQ11,71.0,292.25,2.0
2025/08/14 01:30:00,URANQ11,72.0,216.95,2.0
2025/08/14 02:00:00,URANQ11,73.0,207.44,2.0
2025/08/14 02:30:00,URANQ11,74.0,189.37,2.0
2025/08/14 03:00:00,URANQ11,75.0,135.04,2.0
2025/08/14 03:30:00,URANQ11,76.0,174.02,2.0
2025/08/14 04:00:00,URANQ11,77.0,142.06,2.0
2025/08/12 14:00:00,URANQ12,1.0,25.29,2.0
2025/08/12 14:30:00,URANQ12,2.0,18.25,2.0
2025/08/12 15:00:00,URANQ12,3.0,6.59,2.0
2025/08/12 15:30:00,URANQ12,4.0,5.33,1.0
2025/08/12 16:00:00,URANQ12,5.0,53.54,2.0
2025/08/12 16:30:00,URANQ12,6.0,57.93,2.0
2025/08/12 17:00:00,URANQ12,7.0,76.03,2.0
2025/08/12 17:30:00,URANQ12,8.0,22.05,2.0
2025/08/12 18:00:00,URANQ12,9.0,74.12,2.0
2025/08/12 18:30:00,URANQ12,10.0,2.78,2.0
2025/08/12 19:00:00,URANQ12,11.0,78.59,2.0
2025/08/12 19:30:00,URANQ12,12.0,0.91,2.0
2025/08/12 21:00:00,URANQ12,15.0,12.41,2.0
2025/08/12 21:30:00,URANQ12,16.0,65.08,2.0
2025/08/12 22:00:00,URANQ12,17.0,36.4,2.0
2025/08/12 22:30:00,URANQ12,18.0,32.43,2.0
2025/08/12 23:00:00,URANQ12,19.0,36.44,2.0
2025/08/12 23:30:00,URANQ12,20.0,34.1,2.0
2025/08/13 00:00:00,URANQ12,21.0,7.01,2.0
2025/08/13 00:30:00,URANQ12,22.0,63.95,2.0
2025/08/13 01:00:00,URANQ12,23.0,77.44,2.0
2025/08/13 01:30:00,URANQ12,24.0,58.97,2.0
2025/08/13 02:00:00,URANQ12,25.0,43.64,2.0
2025/08/13 02:30:00,URANQ12,26.0,58.89,2.0
2025/08/13 03:00:00,URANQ12,27.0,46.65,2.0
2025/08/13 03:30:00,URANQ12,28.0,65.97,2.0
2025/08/13 04:00:00,URANQ12,29.0,60.0,2.0
2025/08/13 04:30:00,URANQ12,30.0,139.77,2.0
2025/08/13 05:00:00,URANQ12,31.0,118.39,2.0
2025/08/13 05:30:00,URANQ12,32.0,151.46,2.0
2025/08/13 06:00:00,URANQ12,33.0,168.36,2.0
2025/08/13 08:30:00,URANQ12,38.0,39.46,2.0
2025/08/13 09:00:00,URANQ12,39.0,174.0,2.0
2025/08/13 09:30:00,URANQ12,40.0,235.55,2.0
2025/08/13 10:00:00,URANQ12,41.0,127.62,2.0
2025/08/13 10:30:00,URANQ12,42.0,84.69,2.0
2025/08/13 18:00:00,URANQ12,57.0,223.95,2.0
2025/08/13 18:30:00,URANQ12,58.0,185.55,2.0
2025/08/13 19:00:00,URANQ12,59.0,1008.76,2.0
2025/08/13 19:30:00,URANQ12,60.0,532.57,2.0
2025/08/13 20:00:00,URANQ12,61.0,432.94,2.0
2025/08/13 20:30:00,URANQ12,62.0,516.17,2.0
2025/08/13 21:00:00,URANQ12,63.0,448.12,2.0
2025/08/13 21:30:00,URANQ12,64.0,618.28,2.0
2025/08/13 22:00:00,URANQ12,65.0,648.62,2.0
2025/08/13 22:30:00,URANQ12,66.0,275.15,2.0
2025/08/13 23:00:00,URANQ12,67.0,276.86,2.0
2025/08/13 23:30:00,URANQ12,68.0,375.56,2.0
2025/08/14 00:00:00,URANQ12,69.0,370.8,2.0
2025/08/14 00:30:00,URANQ12,70.0,240.14,2.0
2025/08/14 01:00:00,URANQ12,71.0,292.25,2.0
2025/08/14 01:30:00,URANQ12,72.0,216.95,2.0
2025/08/14 02:00:00,URANQ12,73.0,207.44,2.0
2025/08/14 02:30:00,URANQ12,74.0,189.37,2.0
2025/08/14 03:00:00,URANQ12,75.0,135.04,2.0
2025/08/14 03:30:00,URANQ12,76.0,174.02,2.0
2025/08/14 04:00:00,URANQ12,77.0,142.06,2.0
2025/08/12 14:00:00,URANQ13,1.0,25.29,2.0
2025/08/12 14:30:00,URANQ13,2.0,18.25,2.0
2025/08/12 15:00:00,URANQ13,3.0,6.59,2.0
2025/08/12 15:30:00,URANQ13,4.0,5.33,1.0
2025/08/12 16:00:00,URANQ13,5.0,53.54,2.0
2025/08/12 16:30:00,URANQ13,6.0,57.93,2.0
2025/08/12 17:00:00,URANQ13,7.0,76.03,2.0
2025/08/12 17:30:00,URANQ13,8.0,22.05,2.0
2025/08/12 18:00:00,URANQ13,9.0,74.12,2.0
2025/08/12 18:30:00,URANQ13,10.0,2.78,2.0
2025/08/12 19:00:00,URANQ13,11.0,78.59,2.0
2025/08/12 19:30:00,URANQ13,12.0,0.91,2.0
2025/08/12 21:00:00,URANQ13,15.0,12.41,2.0
2025/08/12 21:30:00,URANQ13,16.0,65.08,2.0
2025/08/12 22:00:00,URANQ13,17.0,36.4,2.0
2025/08/12 22:30:00,URANQ13,18.0,32.43,2.0
2025/08/12 23:00:00,URANQ13,19.0,36.44,2.0
2025/08/12 23:30:00,URANQ13,20.0,34.1,2.0
2025/08/13 00:00:00,URANQ13,21.0,7.01,2.0
2025/08/13 00:30:00,URANQ13,22.0,63.95,2.0
2025/08/13 01:00:00,URANQ13,23.0,77.44,2.0
2025/08/13 01:30:00,URANQ13,24.0,58.97,2.0
2025/08/13 02:00:00,URANQ13,25.0,43.64,2.0
2025/08/13 02:30:00,URANQ13,26.0,58.89,2.0
2025/08/13 03:00:00,URANQ13,27.0,46.65,2.0
2025/08/13 03:30:00,URANQ13,28.0,65.97,2.0
2025/08/13 04:00:00,URANQ13,29.0,60.0,2.0
2025/08/13 04:30:00,URANQ13,30.0,139.77,2.0
2025/08/13 05:00:00,URANQ13,31.0,118.39,2.0
2025/08/13 05:30:00,URANQ13,32.0,151.46,2.0
2025/08/13 06:00:00,URANQ13,33.0,168.36,2.0
2025/08/13 08:30:00,URANQ13,38.0,39.46,2.0
2025/08/13 09:00:00,URANQ13,39.0,174.0,2.0
2025/08/13 09:30:00,URANQ13,40.0,235.55,2.0
2025/08/13 10:00:00,URANQ13,41.0,127.62,2.0
2025/08/13 10:30:00,URANQ13,42.0,84.69,2.0
2025/08/13 18:00:00,URANQ13,57.0,223.95,2.0
2025/08/13 18:30:00,URANQ13,58.0,185.55,2.0
2025/08/13 19:00:00,URANQ13,59.0,1008.76,2.0
2025/08/13 19:30:00,URANQ13,60.0,532.57,2.0
2025/08/13 20:00:00,URANQ13,61.0,432.94,2.0
2025/08/13 20:30:00,URANQ13,62.0,516.17,2.0
2025/08/13 21:00:00,URANQ13,63.0,448.12,2.0
2025/08/13 21:30:00,URANQ13,64.0,618.28,2.0
2025/08/13 22:00:00,URANQ13,65.0,648.62,2.0
2025/08/13 22:30:00,URANQ13,66.0,275.15,2.0
2025/08/13 23:00:00,URANQ13,67.0,276.86,2.0
2025/08/13 23:30:00,URANQ13,68.0,375.56,2.0
2025/08/14 00:00:00,URANQ13,69.0,370.8,2.0
2025/08/14 00:30:00,URANQ13,70.0,240.14,2.0
2025/08/14 01:00:00,URANQ13,71.0,292.25,2.0
2025/08/14 01:30:00,URANQ13,72.0,216.95,2.0
2025/08/14 02:00:00,URANQ13,73.0,207.44,2.0
2025/08/14 02:30:00,URANQ13,74.0,189.37,2.0
2025/08/14 03:00:00,URANQ13,75.0,135.04,2.0
2025/08/14 03:30:00,URANQ13,76.0,174.02,2.0
2025/08/14 04:00:00,URANQ13,77.0,142.06,2.0
2025/08/12 14:00:00,URANQ14,1.0,25.29,2.0
2025/08/12 14:30:00,URANQ14,2.0,18.25,2.0
2025/08/12 15:00:00,URANQ14,3.0,6.59,2.0
2025/08/12 15:30:00,URANQ14,4.0,5.33,1.0
2025/08/12 16:00:00,URANQ14,5.0,53.54,2.0
2025/08/12 16:30:00,URANQ14,6.0,57.93,2.0
2025/08/12 17:00:00,URANQ14,7.0,76.03,2.0
2025/08/12 17:30:00,URANQ14,8.0,22.05,2.0
2025/08/12 18:00:00,URANQ14,9.0,74.12,2.0
2025/08/12 18:30:00,URANQ14,10.0,2.78,2.0
2025/08/12 19:00:00,URANQ14,11.0,78.59,2.0
2025/08/12 19:30:00,URANQ14,12.0,0.91,2.0
2025/08/12 21:00:00,URANQ14,15.0,12.41,2.0
2025/08/12 21:30:00,URANQ14,16.0,65.08,2.0
2025/08/12 22:00:00,URANQ14,17.0,36.4,2.0
2025/08/12 22:30:00,URANQ14,18.0,32.43,2.0
2025/08/12 23:00:00,URANQ14,19.0,36.44,2.0
2025/08/12 23:30:00,URANQ14,20.0,34.1,2.0
2025/08/13 00:00:00,URANQ14,21.0,7.01,2.0
2025/08/13 00:30:00,URANQ14,22.0,63.95,2.0
2025/08/13 01:00:00,URANQ14,23.0,77.44,2.0
2025/08/13 01:30:00,URANQ14,24.0,58.97,2.0
2025/08/13 02:00:00,URANQ14,25.0,43.64,2.0
2025/08/13 02:30:00,URANQ14,26.0,58.89,2.0
2025/08/13 03:00:00,URANQ14,27.0,46.65,2.0
2025/08/13 03:30:00,URANQ14,28.0,65.97,2.0
2025/08/13 04:00:00,URANQ14,29.0,60.0,2.0
2025/08/13 04:30:00,URANQ14,30.0,139.77,2.0
2025/08/13 05:00:00,URANQ14,31.0,118.39,2.0
2025/08/13 05:30:00,URANQ14,32.0,151.46,2.0
2025/08/13 06:00:00,URANQ14,33.0,168.36,2.0
2025/08/13 08:30:00,URANQ14,38.0,39.46,2.0
2025/08/13 09:00:00,URANQ14,39.0,174.0,2.0
2025/08/13 09:30:00,URANQ14,40.0,235.55,2.0
2025/08/13 10:00:00,URANQ14,41.0,127.62,2.0
2025/08/13 10:30:00,URANQ14,42.0,84.69,2.0
2025/08/13 18:00:00,URANQ14,57.0,223.95,2.0
2025/08/13 18:30:00,URANQ14,58.0,185.55,2.0
2025/08/13 19:00:00,URANQ14,59.0,1008.76,2.0
2025/08/13 19:30:00,URANQ14,60.0,532.57,2.0
2025/08/13 20:00:00,URANQ14,61.0,432.94,2.0
2025/08/13 20:30:00,URANQ14,62.0,516.17,2.0
2025/08/13 21:00:00,URANQ14,63.0,448.12,2.0
2025/08/13 21:30:00,URANQ14,64.0,618.28,2.0
2025/08/13 22:00:00,URANQ14,65.0,648.62,2.0
2025/08/13 22:30:00,URANQ14,66.0,275.15,2.0
2025/08/13 23:00:00,URANQ14,67.0,276.86,2.0
2025/08/13 23:30:00,URANQ14,68.0,375.56,2.0
2025/08/14 00:00:00,URANQ14,69.0,370.8,2.0
2025/08/14 00:30:00,URANQ14,70.0,240.14,2.0
2025/08/14 01:00:00,URANQ14,71.0,292.25,2.0
2025/08/14 01:30:00,URANQ14,72.0,216.95,2.0
2025/08/14 02:00:00,URANQ14,73.0,207.44,2.0
2025/08/14 02:30:00,URANQ14,74.0,189.37,2.0
2025/08/14 03:00:00,URANQ14,75.0,135.04,2.0
2025/08/14 03:30:00,URANQ14,76.0,174.02,2.0
2025/08/14 04:00:00,URANQ14,77.0,142.06,2.0
2025/08/12 14:00:00,WAGGNSF1,1.0,-77.63,1.0
2025/08/12 14:30:00,WAGGNSF1,2.0,-68.01,1.0
2025/08/12 15:00:00,WAGGNSF1,3.0,-68.01,1.0
2025/08/12 15:30:00,WAGGNSF1,4.0,-75.89,1.0
2025/08/12 14:00:00,WELLSF1,1.0,-170.89,1.0
2025/08/12 14:30:00,WELLSF1,2.0,-9.99,1.0
2025/08/12 15:00:00,WELLSF1,3.0,-9.99,1.0
2025/08/12 15:30:00,WELLSF1,4.0,-11.37,1.0
2025/08/12 14:00:00,WELNSF1,1.0,-97.48,2.0
2025/08/12 14:30:00,WELNSF1,2.0,-5.28,1.0
2025/08/12 15:00:00,WELNSF1,3.0,-5.28,1.0
2025/08/12 15:30:00,WELNSF1,4.0,-6.01,1.0
2025/08/13 10:30:00,WEMENSF1,42.0,-378.29,2.0
2025/08/13 11:00:00,WEMENSF1,43.0,-231.68,2.0
2025/08/13 11:30:00,WEMENSF1,44.0,-195.02,2.0
2025/08/13 12:00:00,WEMENSF1,45.0,-48.61,2.0
2025/08/12 14:00:00,WLWLSF1,1.0,4.77,2.0
2025/08/12 14:30:00,WLWLSF1,2.0,3.24,2.0
2025/08/12 15:00:00,WLWLSF1,3.0,0.44,2.0
2025/08/12 16:00:00,WLWLSF1,5.0,12.87,2.0
2025/08/12 16:30:00,WLWLSF1,6.0,13.92,2.0
2025/08/12 17:00:00,WLWLSF1,7.0,18.27,2.0
2025/08/12 17:30:00,WLWLSF1,8.0,5.3,2.0
2025/08/12 18:00:00,WLWLSF1,9.0,17.81,2.0
2025/08/12 18:30:00,WLWLSF1,10.0,0.67,2.0
2025/08/12 19:00:00,WLWLSF1,11.0,18.89,2.0
2025/08/12 19:30:00,WLWLSF1,12.0,0.22,2.0
2025/08/12 21:00:00,WLWLSF1,15.0,2.98,2.0
2025/08/12 21:30:00,WLWLSF1,16.0,15.64,2.0
2025/08/12 22:00:00,WLWLSF1,17.0,8.75,2.0
2025/08/12 22:30:00,WLWLSF1,18.0,7.79,2.0
2025/08/12 23:00:00,WLWLSF1,19.0,8.76,2.0
2025/08/12 23:30:00,WLWLSF1,20.0,8.2,2.0
2025/08/13 00:00:00,WLWLSF1,21.0,1.68,2.0
2025/08/13 00:30:00,WLWLSF1,22.0,15.37,2.0
2025/08/13 01:00:00,WLWLSF1,23.0,18.61,2.0
2025/08/13 01:30:00,WLWLSF1,24.0,14.17,2.0
2025/08/13 02:00:00,WLWLSF1,25.0,10.49,2.0
2025/08/13 02:30:00,WLWLSF1,26.0,14.15,2.0
2025/08/13 03:00:00,WLWLSF1,27.0,11.21,2.0
2025/08/13 03:30:00,WLWLSF1,28.0,15.85,2.0
2025/08/13 04:00:00,WLWLSF1,29.0,14.42,2.0
2025/08/13 04:30:00,WLWLSF1,30.0,33.59,2.0
2025/08/13 05:00:00,WLWLSF1,31.0,28.45,2.0
2025/08/13 05:30:00,WLWLSF1,32.0,36.4,2.0
2025/08/13 06:00:00,WLWLSF1,33.0,40.46,2.0
2025/08/13 08:30:00,WLWLSF1,38.0,9.48,2.0
2025/08/13 09:00:00,WLWLSF1,39.0,41.82,2.0
2025/08/13 09:30:00,WLWLSF1,40.0,56.61,2.0
2025/08/13 10:00:00,WLWLSF1,41.0,30.67,2.0
2025/08/13 10:30:00,WLWLSF1,42.0,20.35,2.0
2025/08/13 18:00:00,WLWLSF1,57.0,53.82,2.0
2025/08/13 18:30:00,WLWLSF1,58.0,44.59,2.0
2025/08/13 19:00:00,WLWLSF1,59.0,242.43,2.0
2025/08/13 19:30:00,WLWLSF1,60.0,127.99,2.0
2025/08/13 20:00:00,WLWLSF1,61.0,104.05,2.0
2025/08/13 20:30:00,WLWLSF1,62.0,124.05,2.0
2025/08/13 21:00:00,WLWLSF1,63.0,107.69,2.0
2025/08/13 21:30:00,WLWLSF1,64.0,148.59,2.0
2025/08/13 22:00:00,WLWLSF1,65.0,155.88,2.0
2025/08/13 22:30:00,WLWLSF1,66.0,66.13,2.0
2025/08/13 23:00:00,WLWLSF1,67.0,66.54,2.0
2025/08/13 23:30:00,WLWLSF1,68.0,90.26,2.0
2025/08/14 00:00:00,WLWLSF1,69.0,89.11,2.0
2025/08/14 00:30:00,WLWLSF1,70.0,57.71,2.0
2025/08/14 01:00:00,WLWLSF1,71.0,70.24,2.0
2025/08/14 01:30:00,WLWLSF1,72.0,52.14,2.0
2025/08/14 02:00:00,WLWLSF1,73.0,49.85,2.0
2025/08/14 02:30:00,WLWLSF1,74.0,45.51,2.0
2025/08/14 03:00:00,WLWLSF1,75.0,32.45,2.0
2025/08/14 03:30:00,WLWLSF1,76.0,41.82,2.0
2025/08/14 04:00:00,WLWLSF1,77.0,34.14,2.0
2025/08/12 14:00:00,WLWLSF2,1.0,4.77,2.0
2025/08/12 14:30:00,WLWLSF2,2.0,3.24,2.0
2025/08/12 15:00:00,WLWLSF2,3.0,0.44,2.0
2025/08/12 16:00:00,WLWLSF2,5.0,12.87,2.0
2025/08/12 16:30:00,WLWLSF2,6.0,13.92,2.0
2025/08/12 17:00:00,WLWLSF2,7.0,18.27,2.0
2025/08/12 17:30:00,WLWLSF2,8.0,5.3,2.0
2025/08/12 18:00:00,WLWLSF2,9.0,17.81,2.0
2025/08/12 18:30:00,WLWLSF2,10.0,0.67,2.0
2025/08/12 19:00:00,WLWLSF2,11.0,18.89,2.0
2025/08/12 19:30:00,WLWLSF2,12.0,0.22,2.0
2025/08/12 21:00:00,WLWLSF2,15.0,2.98,2.0
2025/08/12 21:30:00,WLWLSF2,16.0,15.64,2.0
2025/08/12 22:00:00,WLWLSF2,17.0,8.75,2.0
2025/08/12 22:30:00,WLWLSF2,18.0,7.79,2.0
2025/08/12 23:00:00,WLWLSF2,19.0,8.76,2.0
2025/08/12 23:30:00,WLWLSF2,20.0,8.2,2.0
2025/08/13 00:00:00,WLWLSF2,21.0,1.68,2.0
2025/08/13 00:30:00,WLWLSF2,22.0,15.37,2.0
2025/08/13 01:00:00,WLWLSF2,23.0,18.61,2.0
2025/08/13 01:30:00,WLWLSF2,24.0,14.17,2.0
2025/08/13 02:00:00,WLWLSF2,25.0,10.49,2.0
2025/08/13 02:30:00,WLWLSF2,26.0,14.15,2.0
2025/08/13 03:00:00,WLWLSF2,27.0,11.21,2.0
2025/08/13 03:30:00,WLWLSF2,28.0,15.85,2.0
2025/08/13 04:00:00,WLWLSF2,29.0,14.42,2.0
2025/08/13 04:30:00,WLWLSF2,30.0,33.59,2.0
2025/08/13 05:00:00,WLWLSF2,31.0,28.45,2.0
2025/08/13 05:30:00,WLWLSF2,32.0,36.4,2.0
2025/08/13 06:00:00,WLWLSF2,33.0,40.46,2.0
2025/08/13 08:30:00,WLWLSF2,38.0,9.48,2.0
2025/08/13 09:00:00,WLWLSF2,39.0,41.82,2.0
2025/08/13 09:30:00,WLWLSF2,40.0,56.61,2.0
2025/08/13 10:00:00,WLWLSF2,41.0,30.67,2.0
2025/08/13 10:30:00,WLWLSF2,42.0,20.35,2.0
2025/08/13 18:00:00,WLWLSF2,57.0,53.82,2.0
2025/08/13 18:30:00,WLWLSF2,58.0,44.59,2.0
2025/08/13 19:00:00,WLWLSF2,59.0,242.43,2.0
2025/08/13 19:30:00,WLWLSF2,60.0,127.99,2.0
2025/08/13 20:00:00,WLWLSF2,61.0,104.05,2.0
2025/08/13 20:30:00,WLWLSF2,62.0,124.05,2.0
2025/08/13 21:00:00,WLWLSF2,63.0,107.69,2.0
2025/08/13 21:30:00,WLWLSF2,64.0,148.59,2.0
2025/08/13 22:00:00,WLWLSF2,65.0,155.88,2.0
2025/08/13 22:30:00,WLWLSF2,66.0,66.13,2.0
2025/08/13 23:00:00,WLWLSF2,67.0,66.54,2.0
2025/08/13 23:30:00,WLWLSF2,68.0,90.26,2.0
2025/08/14 00:00:00,WLWLSF2,69.0,89.11,2.0
2025/08/14 00:30:00,WLWLSF2,70.0,57.71,2.0
2025/08/14 01:00:00,WLWLSF2,71.0,70.24,2.0
2025/08/14 01:30:00,WLWLSF2,72.0,52.14,2.0
2025/08/14 02:00:00,WLWLSF2,73.0,49.85,2.0
2025/08/14 02:30:00,WLWLSF2,74.0,45.51,2.0
2025/08/14 03:00:00,WLWLSF2,75.0,32.45,2.0
2025/08/14 03:30:00,WLWLSF2,76.0,41.82,2.0
2025/08/14 04:00:00,WLWLSF2,77.0,34.14,2.0
2025/08/12 14:00:00,WOODLWN1,1.0,4.77,2.0
2025/08/12 14:30:00,WOODLWN1,2.0,3.24,2.0
2025/08/12 15:00:00,WOODLWN1,3.0,0.44,2.0
2025/08/12 16:00:00,WOODLWN1,5.0,12.87,2.0
2025/08/12 16:30:00,WOODLWN1,6.0,13.92,2.0
2025/08/12 17:00:00,WOODLWN1,7.0,18.27,2.0
2025/08/12 17:30:00,WOODLWN1,8.0,5.3,2.0
2025/08/12 18:00:00,WOODLWN1,9.0,17.81,2.0
2025/08/12 18:30:00,WOODLWN1,10.0,0.67,2.0
2025/08/12 19:00:00,WOODLWN1,11.0,18.89,2.0
2025/08/12 19:30:00,WOODLWN1,12.0,0.22,2.0
2025/08/12 21:00:00,WOODLWN1,15.0,2.98,2.0
2025/08/12 21:30:00,WOODLWN1,16.0,15.64,2.0
2025/08/12 22:00:00,WOODLWN1,17.0,8.75,2.0
2025/08/12 22:30:00,WOODLWN1,18.0,7.79,2.0
2025/08/12 23:00:00,WOODLWN1,19.0,8.76,2.0
2025/08/12 23:30:00,WOODLWN1,20.0,8.2,2.0
2025/08/13 00:00:00,WOODLWN1,21.0,1.68,2.0
2025/08/13 00:30:00,WOODLWN1,22.0,15.37,2.0
2025/08/13 01:00:00,WOODLWN1,23.0,18.61,2.0
2025/08/13 01:30:00,WOODLWN1,24.0,14.17,2.0
2025/08/13 02:00:00,WOODLWN1,25.0,10.49,2.0
2025/08/13 02:30:00,WOODLWN1,26.0,14.15,2.0
2025/08/13 03:00:00,WOODLWN1,27.0,11.21,2.0
2025/08/13 03:30:00,WOODLWN1,28.0,15.85,2.0
2025/08/13 04:00:00,WOODLWN1,29.0,14.42,2.0
2025/08/13 04:30:00,WOODLWN1,30.0,33.59,2.0
2025/08/13 05:00:00,WOODLWN1,31.0,28.45,2.0
2025/08/13 05:30:00,WOODLWN1,32.0,36.4,2.0
2025/08/13 06:00:00,WOODLWN1,33.0,40.46,2.0
2025/08/13 08:30:00,WOODLWN1,38.0,9.48,2.0
2025/08/13 09:00:00,WOODLWN1,39.0,41.82,2.0
2025/08/13 09:30:00,WOODLWN1,40.0,56.61,2.0
2025/08/13 10:00:00,WOODLWN1,41.0,30.67,2.0
2025/08/13 10:30:00,WOODLWN1,42.0,20.35,2.0
2025/08/13 18:00:00,WOODLWN1,57.0,53.82,2.0
2025/08/13 18:30:00,WOODLWN1,58.0,44.59,2.0
2025/08/13 19:00:00,WOODLWN1,59.0,242.43,2.0
2025/08/13 19:30:00,WOODLWN1,60.0,127.99,2.0
2025/08/13 20:00:00,WOODLWN1,61.0,104.05,2.0
2025/08/13 20:30:00,WOODLWN1,62.0,124.05,2.0
2025/08/13 21:00:00,WOODLWN1,63.0,107.69,2.0
2025/08/13 21:30:00,WOODLWN1,64.0,148.59,2.0
2025/08/13 22:00:00,WOODLWN1,65.0,155.88,2.0
2025/08/13 22:30:00,WOODLWN1,66.0,66.13,2.0
2025/08/13 23:00:00,WOODLWN1,67.0,66.54,2.0
2025/08/13 23:30:00,WOODLWN1,68.0,90.26,2.0
2025/08/14 00:00:00,WOODLWN1,69.0,89.11,2.0
2025/08/14 00:30:00,WOODLWN1,70.0,57.71,2.0
2025/08/14 01:00:00,WOODLWN1,71.0,70.24,2.0
2025/08/14 01:30:00,WOODLWN1,72.0,52.14,2.0
2025/08/14 02:00:00,WOODLWN1,73.0,49.85,2.0
2025/08/14 02:30:00,WOODLWN1,74.0,45.51,2.0
2025/08/14 03:00:00,WOODLWN1,75.0,32.45,2.0
2025/08/14 03:30:00,WOODLWN1,76.0,41.82,2.0
2025/08/14 04:00:00,WOODLWN1,77.0,34.14,2.0
2025/08/12 14:00:00,WRSF1,1.0,-81.83,1.0
2025/08/12 14:30:00,WRSF1,2.0,-5.45,1.0
2025/08/12 14:00:00,WRWF1,1.0,-81.83,1.0
2025/08/12 14:30:00,WRWF1,2.0,-5.45,1.0
2025/08/12 14:30:00,WSTWYSF1,2.0,-30.75,1.0
2025/08/12 15:00:00,WSTWYSF1,3.0,-30.75,1.0
2025/08/12 15:30:00,WSTWYSF1,4.0,-30.75,1.0
2025/08/12 16:00:00,WSTWYSF1,5.0,-106.64,1.0
2025/08/12 16:30:00,WSTWYSF1,6.0,-106.64,1.0
2025/08/13 10:30:00,WUNUSF1,42.0,28.56,2.0
2025/08/13 11:00:00,WUNUSF1,43.0,17.49,2.0
2025/08/13 11:30:00,WUNUSF1,44.0,14.72,2.0
2025/08/13 12:00:00,WUNUSF1,45.0,3.67,2.0
2025/08/12 14:00:00,WYASF1,1.0,-77.63,1.0
2025/08/12 14:30:00,WYASF1,2.0,-98.76,1.0
2025/08/12 15:00:00,WYASF1,3.0,-98.76,1.0
2025/08/12 15:30:00,WYASF1,4.0,-106.64,1.0
2025/08/12 16:00:00,WYASF1,5.0,-106.64,1.0
2025/08/12 16:30:00,WYASF1,6.0,-106.64,1.0
2025/08/13 10:30:00,YATSF1,42.0,-304.52,2.0
2025/08/13 11:00:00,YATSF1,43.0,-186.5,2.0
2025/08/13 11:30:00,YATSF1,44.0,-156.99,2.0
2025/08/13 12:00:00,YATSF1,45.0,-39.13,2.0
,,,,
